content,score
'그때 미국 영화들은 우리나라에서 볼수 없는 새로운 세계를 보여주는 신세계였다.. 액션 스토리 재미 모두 만족시킨 영화..',9
'나 엔시티 드림 사랑하네..',10
'나름 재밌게 보고 친구한테 추천해줌 ㅋ',10
'평이 좋아서 적당히 기대하고 갔는데 끝날때까지 몰입해서 봤습니다. 상상력과 역사가 더해지니 너무 재밌는 것!',10
'코미디 요소가 너무 강해서 몰입이 떨어짐 우습긴 하네요',2
'윤시윤 연기가 장난아니네요~ 한층 업그레이드된 윤시윤 짱이에요~',10
'감독님 티모시랑 또 같이 해주세요',10
'한국 영화 중 제일 재밌었다',10
'1999년 영화혁명이 일어났다! 니가 살고있는 세계를 의심하라!',10
'',10
'몰입도와 연기는 좋지만 딱 거기까지. 그렇다고 영화로서 매력이 없는 건 아니다.',8
'진짜 아무 기대도 정보도 없이 갔는데 생각지도 못한 재미가 있었음. 중반부터 스릴있어지는데 배우들 연기도 미쳤고 돈 안아까움. 오랜만에 재미난 한국영화봤네ㅋ 엔딩은 조금 아쉽긴하지만',10
'특정 시점부터 휘몰아치는 긴장선이 후반부까지 힘있게 이어져 몰입도 높게 관람했습니다. 반전을 극대화한 연출력이 인상적입니다.',9
'윤시윤배우 승승장구 하시길!!너무 감동적입니다',10
'압꾸정이  꾸정물  되버렸어...정말 시간가는줄 알구 봤다.',1
'핵노잼 개재미없음 보지마3',1
'재밌었는데 난?ㅋㅋ 마동석님 양x치 컨셉도잘 소화하시네요',8
'짝사랑이란 훨씬 더 독하고 맹목적이다',8
'최고다. 왕이 왜 이순신 장군님의 승전보를 두려워했는지 알 수 있겠음.  왕 보다 대단한 이순.신.!!! 내가 저 시대에 백성이였어도 도망치는 왕보다 이순신 장군님이 더 하늘 같았을 듯. 그것이 두려워... 추잡한 짓을 ㅡㅡ...  영상 정말 시원시원. 연출도 예상치 못한 반전아닌 반전들로 속시원함...♡ &amp;#39;명량&amp;#39;보다 더 대단한 작품을 만나게 될 줄이야..ㅜㅜ♡',10
'수준 높은 연출미친 연기력에좋아하는 스릴러 라니...10점을 안줄 수가 없다',10
'감동 그 자체이 영화가 탄생할 수 있도록 애써주신 모든 분들께 감사합니다.',10
'다른 어떤 시리즈 보다 개그신이 마음에 듦',9
'그래서 그대를,10
'왕이 싸이코패스이면 무슨 일이 벌어지는가. 실제로 사건을 은폐하려고 얼마나 많은 궁인들이 죽었나. 소현 세자 가족의 비극 뒤에 아무 죄 없이 죽어간 궁인들이 보였다. 인권 따위 없던 시절 왕이 소시오패스일 때 벌어지는 일이 소름끼치게 생생하게 보여준다.(연산군,9
'세계 최상류층의 권력 집단 정말 존재할까. 직접 확인해본 사람만이 알겠지. ',10
'재미는 있는데 전개가 공감이 안가는 부분이 많네요.',6
'진짜 잘만들었다 오랜만에 시간가는줄모르고봄',10
'반전에 반전..! 류준열 연기 왤케 잘하지너무 재밌게 봄ㅜㅜ 으아아아 하면서',10
'연기만 좋고 나머지 감동도 스토리도 웃음도....',1
'평 왜안좋은지 왜이영화가 마이너스인지 도무지 이해안감 진짜 최고의 작품 감동 실제있었던 일은 우리가 잊어버려선 안된다 ',10
'신랑이 보자고 해서 내용 모르고 그냥 따라간건데 몰입하면서 재밌게 봤어요다 보고 나오면서도 감탄하면서 주변사람들한테 추천해줘야겠다 싶었습니다~~~',10
'아직 솜털이 보송보송한 저 아이를...ㅠㅠ ',10
'근래 본 한국영화 중 최고',9
'미라시도시라미~ 미라시도시라파~ 이 음악이 너무내 스타일.스토리는 MBTI S와 N의 갈등을 표현한듯.',8
'',10
'네가 매리 앤을 사랑하지 않은 건 아냐. 단지 더 사랑한 사람이 있었던 거지. 바로 너 자신이야. ',10
'소수자의 삶을 보여준다기엔 타인에게 피해를 입힌다는 점에서 작픔에 과도한 의미부여는 하기 싫고 나는 그저 설리가 너무 너무 싫었다. 결국 흔해빠진 이야기가 돼버린. ',6
'아름다운 영화에 가장 어울리는 아름다운 음성이렇게 완벽하기도 어려워요',10
"'출연배우 보고 선택했는데 연기,스토리 등 후회없음~ 강추'",10
'러닝타임이 길어서 지루하지않을까. 걱정했는데 정말 감동적이였고. 김대건 신부님의 그 열정의 대단함에 다시 한번 놀랐고너무 감동적이고 재밌게 잘봤어요.',10
'오랜만에 분초마다 강동받고 시간가는게 아깝게 느껴졌다 박찬욱님 박해일님 탕웨이님모두 최고였다 이런 영화도 만들어질수 있구나..감탄했다  최고의 영화임',10
'후반으로 스토리가 진행될 수록 영화관에 계시던 남성분들도 우시는걸 직접 목격했습니다. (남성향 영화라 그런가..)극장 곳곳에서 훌쩍이는 소리가...ㅎㅎ저도 엄청움 책을 읽으셨다면 전 배우 라인업에 정말 만족하고 이정도면 스토리 재현도 참 잘한것 같습니다. 연출이 끝내줘요 눈물 터지게하는 빌드업을 잘하고요... 오버랩을 진짜 잘씀 영화끝나고 화장실가서도 안울줄 알았는데 울어다 꽤나 슬프더라 라는 말을 많이 들었을 정도로 감성적인 영화인듯 합니다. 미치에다 슌스케 연기 정말 잘하는듯 해요 감정선 잘잡음 최고... 그리고 OST참 맘에들어요♡책도 유명했던 만큼 영화 보러가셔도 후회 없을듯. 특히 일본 로맨스 좋아하시는분들 추천 왜냠 기억상실 클리셰가 나오거던요 ^.^_♡',10
'반미 반일 왜끌고오냐 하.. 진짜 정신나갔냐ㅡㅡ',1
'이럴거면 보지 말걸... 그냥 ...리메이크..하지 않았어도 괜찮을 작품... 배우는 참 잘뽑았는데 말이야..',1
'진짜 재밌네요 3편 빨리 나왔으면 좋겠네요',10
'별점1점 주는 애들 타OTT 사람들입니다 블랙팬서 일단 보고 판단합시다 마블은 역시 굉장합니다 디즈니가 전세계OTT 구독자수 1위입니다',10
'액션연기의 수준이 보기가 부끄러움. 이런 걸 연출했다고 하기에는 창피함',1
'진짜 영화 보는 내내 핸드폰 시간 확인 했음.대사 너무 말도 안됨 아무리 IMF때 배경이라고 해도 저런 말 진짜 현실에서 썼는지 궁금하고 여진구 대사가 진짜 개 유치하고 오그라듬. 중간중간에 자연스럽게 대사하면 괜찮을 수 있는 부분들도 많은데 굳이 저런 대사로 써야됐나 생각이 많이 들었음.글고 조이현 남친역 진짜 연기 못함. 발연기까진 아닌데 많이 어색한 느낌이 강함.',1
'생각보다 지루했어요 ㅜㅜ',6
'숨 죽이고 보다가 너무 무서웠다가.. 슬프고 안타까웠어요.. 배우님들 모두 연기가 ㅎㄷㄷ..',10
'원피스 필름 레드',8
'1점도 아깝다 아기들도 안봄',1
'류준열 유해진 팬인데 어제 혼자 팝콘 먹으며 몰입도 최고 였으나 유해진 캐릭터가 원래 웃겨서 그런지 스릴러장면에서 심각한데 대사 표정이 너무 웃겼음요 너무 재밌었습니다~~~~강추(참고로 네이버리뷰는 첨 써본다는 사실은 안비밀!!!) 류준열배우 화이팅!!!',8
'노래 많이 나오는거 알고 봤으니 의외로 재밌게 봄',10
'예고편이 전부다',1
'시대의 편견도 막지 못한 진실한 사랑',7
'그만 볼 결심을 했어야.. 대사도 안들리고 탕웨이 한국말 왜 시켜서 짜증나게.. 자막 개필수',1
'배우의연기와 연출모두좋았어요~^^',10
'',10
'이런 영화가 실화를 기반으로 만들어 졌다는게 슬플 따름이다. 현실이 더 가혹하다.',10
'어렵다. 범죄를 방관하는 것 처럼만 느껴지는',5
'세남자와 아기 바구니는 프랑스 작품이예요?♂??♂??♂??♂??♂??♂?',10
'류준열 배우 연기 넘  좋았고  몰입감이 있는 감동스런 영화였습니다',10
'....?  내 시간 돌려줘  심장 빼앗기 전에',1
'대사와 연기자만 한국인이고 시나리오 연출 미술 수준 모두 중국냄새 물씬. 재미도 없고 감동도 없는 시간낭비 영화. 이간질이 영화의 주제인가?',2
'원작 만화부터 일본 원작 영화,6
'진짜진짜 울어!! 라고 하는 장면들이 있음 근데 나는 거기서 “네!!!!”하고 울게 됨 휴지 들고 가세여 다들..',10
'무교지만 재밌게  잘 봤습니다',10
'영화는 긴박하고 스릴있어서 재미있었음. 마야 문명이 잔혹하고 망할 징조가 있었다지만 너무 서구적 시선으로 쓰인듯하다. ',8
'올해 처음부터 끝까지 긴장감도 있고 몰입해서 본 영화~ 멋진 연기도 일품이였어요~',10
'정말 후반부….. 예상 못함……. 너무 놀랐음…. 역시 믿고 보는 루카구아다니노',10
'',10
'그냥 히어로물의. 영웅 우리가 동경하고 항상 갈망하는 영웅들의 본모습..다른 영화속 영웅들은 영웅행위로 관심 존경대놓고 받고 이기심과 자만심으로 결국 타락하는 영웅들속 진정한 영웅이 무엇인지 느끼게 해준영화 진정한 고독한 영웅은 그저 희생만 있고 댓가는 없을뿐 하지만 우린 그가 누군지 모르지만 동경한다..  그것이 고독한 영웅 다크나이트',10
'한결같은 사랑을 함. 아무리힘들고 아파도 사랑만 생각하는 순정남 .남주 눈빛에 반함 정말 잘생김',8
'질질끄는 전개에 지루하긴했지만 조니뎁이 멋있게 나옴. 러닝타임을 좀 줄였여도 괜찮을법한데 ㅠ',6
'우리의 의,10
'웃기려고 애쓰는듯한 느낌. 재미없룸',1
'',10
'망작특: 영화 줄거리 내용은 없고 배우들로 눈호강 했다고 하고 10점 줌',6
'22년에 봤는데 로코물의 정석인듯',10
'초반에 공연 깽판치러왔던놈들 루피가 참교육하고 추억팔이하면서 회포풀고 루피에 브룩도 있고 합동공연하나했는데... 노래 2곡째에서 설마 했지만... 3곡째부터 아... 겨울왕국2 처럼 이거 ost노래팔이다...조때씀을 감지.. 한곡만 얻어걸려라 심정으로 주구장창 노래부르다 끝나겠구나했는데 역시나... 급조된 노래들답게 오프닝곡들에 비해 퀄리티도 그닥..',5
'진짜 재미있었다. 처음에는 이 잔잔한 분위기와 트레일러를 연결짓지 못해 조금 지루하기도 했지만 자연스러운 분위기 반전과 갑작스런 반전이 너무나 재밌었다. 당일 영화관 자러 갔었는데 자기는 무슨 2시간동안 눈도 못 땠었다. 분명 모두가 눈을 쉽게 때지 못할 거라 생각한다. 그정도로 몰입되고 흥미로운 스토리다.',10
'마동석 이름만 보고 기대하고 봤다..머냐',1
'초반 액션스릴러 장르의 차별성을 갖는 소재가 흐지부지 되고 엇나가는 개그와 신파로 진부하다. ',5
'너무 잘 만든 영화! 추천합니다',10
'ㄱ지루함 보다가 졸음ㅜ',2
'즐겁고 행복해 보여도 눈물이 난다.',8
'ㅇㄴ이거레전드로 재밌어요 사극별로 안좋아해서 기대안하고봤는데 스릴감짱',10
'역시 믿고보는 감독님이다...',10
'무.조.건 봐야한다. 반전의 반전과 긴장감 .배우들 연기력 그리고 2시간이 그냥 사라짐.. 오랜만에 진짜 영화 한 편 봤다 ',9
'청주배경으로 이런 재밌는 영화가 나오려낭? ㅎㅎ',9
'제 점수는 10점입니다.',10
'가면라이더판 어벤저스와 멀티버스',5
'영화개봉당시 무섭다고 소문나서 다들 이 영화 이야기뿐이었던 걸로 기억해요! ㅎㅎ ',10
'재밌는 영화인데 평점 너무 짜네',10
'재밌게 잘봤어요 뮤지컬 못봐서 아쉬웠는데 현장에서 뮤지컬보는것같았어요 못보신분들 강추합니다 애가 눈을떼지않고 몰입하네요 어른인 제가 들어도 노래들은 너무 신났어요 지니강이 밝은 에너지가 애들한테 너무 좋은시간을 선사해주네요',10
'심플한 소재를 이렇게 대단한 연기와 연출로 표현하다니…!!',8
'루카 구아다니노의 연출이 가미된 외딴 곳에서 피어나는 잔혹한 사랑이야기',9
'와 고소공포증이 없는데도 고소공포증이 생길정도임.. 짜릿짜릿함. 역시 47m 제작진이라 그런가 소소한 반전도 있었음',8
'&amp;#39;기억&amp;#39;에 남게될지도 모를 일본영화..',8
'',10
'단호하게 친일파가 제거되는 것이 감동적이다.',10
'It Is You  정말 명곡.',10
'뻔하고 재미없고 귀엽지 않음',1
'감각적인 비주얼과 영상미',10
'재밌게봤어요~!!! 굿굿',10
'이제는 중년이 된 원작배우들과 신인배우들의 연기를 비교하는 재미.',5
'역사와 서스펜스,7
'',10
'쉽게 접할수 없는 소재 였지만 괜찮게 풀어 낸거 같아요.. 배우분들 연기도 좋았구요.. 영화 잘 봤어요!',8
'저는 류준열 배우님과 유해진 배우님의 연기가 정말 좋았어요,9
'티키타카가 재밌었어요 ㅋㅋㅋ 코믹하고 웃김요 ㅋㅋ',10
'전에 영화관 메가박스 코엑스점에서 본 영화! 남자배우김수현,8
'종교를 떠나 누가봐도 감동적인실화영화라역사와 종교를 이해하는데 많은 도움됩니다.  김대건 안드레아신부의  불꽃같은 짧은생애가 안타까워 눈물나게 감동받고여운이 진하게 남아서  N차관람하렵니다.오랜만에 나를 돌아보고 정신적으로 쉼을주는 영화. 입소문타고 흥행으로이어지길.배우 윤시윤 인생작!!! ',10
'역사의 공백을 채우는 좋은 상상력이란 이런 것이 아닐까. 올해를 마감하는 괜찮은 한국영화.',7
'씁쓸해지는 영화',7
'잔혹동화에 진심인 감독',8
'3시간이 길게 느껴지지 않는 영화',10
'리뷰 잘 안쓰는데요~ 이건 꼭 쓰고싶어요  영화 보는거 장시간 집중해야해서 즐기는편이 아님에도 너무 너무 재밌었습니다!!!!역시 왕의남자 감독님이여서 그런지 진짜 제 인생 영화 입니다 별점 만점이 아닌이유는 영화관에서 두번 더 볼예정이기 때문에 비워두었습니다!!당장 보세요!!! ',9
'추모로 시작해 추모로 끝나는 확장 느낌. 채드윅 보스만의 부재가 너무 크다.',6
'가볍게 있을수 있고   신파극 없어서 좋았습니다ㆍ',10
'그럭 저럭 볼만함ㅎ초반에 넘지루함',6
'몰입도 너무 좋고 긴장감 대박시간 가는줄 모르고 봄',10
'호불호 솔직히 갈릴수있다고 봄 난 재밌게 봤음',10
'시나리오를 10명이서 돌아가면서 썼나ㅋㅋ결말 진짜 ㅋㅋㅋ개웃기네',1
'국뽕 차오르는 영화 이지만,10
'사랑에 빠진게 죄는  아니잖아6 정도',6
'올해 마지막을 장식할 최고의 작품..반전때부터 긴장감을 놓칠수 없다..',10
'나만 볼만하고 재미있는건가...좀 산만하긴해도 잼있는데 ',8
'계속 되어야 할 일들',8
'내용은 그럭저럭 다죽는거 비추이나신선하네~ 소재가 신선해서 괸찮았다.난 또 마약 범죄수사물인줄 알았는데',8
'말이 필요없다 존나 재밌다',10
'쫄깃 쫄깃 두근 두근 스릴러',10
'김사경의 웃지도못할 연기력과 무능한감독의 떨어지는 이야기 전달력 날림 연출 ott에 풀려서 아니 왜 이영화는 몰랐지? 했는데죽을때까지 모르고 지나쳤어도 무방할 영화였다',2
' 초반부는 약간 진부했지만 독살씬 이후 팝콘을 잊어버릴 정도로 휘몰아치는 전개에 긴장감이 조여온다. 섬세한 사운드와 연출로 장르만 스릴러가 아닌 진짜 스릴을 제대로 느낄 수 있었다. 반전의 독살 장면은 정말 충격이었다. 경수의 시점에서 불이 꺼지고 사실이 눈앞에 나타나니 당사자가 된 듯 심장이 쿵쿵거렸다. 물수건은 피에 젖어있고 세자는 피범벅이었다. 듬직했던 어의는 한순간에 악인이 되었다. 짧은 장면으로 오래간만에 신선한 충격에 젖을 수 있었다. 정말 감명 깊었고 다시는 잊지 못할 반전씬이 될 것 같다. 경수가 원손을 업고 나오는데 날이 밝아 다시 지팡이를 쥐던 장면에선 막막함에 가슴이 아려오기도 했다. 한줄기 빛이었던 어둠이 빛과 함께 사라졌다. 그런 한계 속에서도 걸음을 다하는 경수,9
'잭 오코넬이라는 배우를 이제야 눈여겨 보게 되었네요. 알고보니 내가 본 영화 다수에 출연했던데 이 매력을 몰랐다니. 스토리 기대못할 내용이지만 남배우 보는 재미에 시간가는줄 몰랐어요!',8
'플롯의 매력이 어설프면 어떻게 되는지를 잘 보여준 작품이 아니었을까..',6
'진짜 내가 본 모든 영화 중 제일 웃김',10
'역사적인 사실을 침봉사의 시각으로 픽션으로 꾸며진 것에 대한 스토리라인이 매우 좋았다. 그리고 유해진 배우와 류준열 배우의 연기가 색다르게 다가왔다.',10
'마지막 경찰차가 왔을때 그 장면이... 정말 비틀기의 진수',10
'어릴 때 나는 아니었지만,10
'인생영화,10
'배우들의 뛰어난 연기와 스토리의 탄탄한 구성이 마지막까지 몰입하게 만듦',10
'재밌게 잘봤습니다 :)',10
'',6
'재밌게 잘봤습니다 :)',8
'',10
'재밌게 잘봤습니다 :)',10
'원작 소설을 보기 전 영화를 먼저 봤는데 원작 소설도 읽어보고 싶어지는 영화. 영화를 보는 내내 울면서 보느라 시간 가는 줄 모르고 봤던,10
'무조건 봐야돼ㅠㅠ 오랜만에 영화다운 영화 봤어요!!!',10
"'핵노잼,오냐오냐 하니깐 이렇게 발로 만들어도 좋다고 빨아줄래 식으로 만든 관객우롱  평론가 조롱 영화",1
'초반에 약간 지루한거 빼면 최고 넘 재밌었음 ',10
'개연성이 없지만 전혀 지루하지 않고 가볍게 보기 좋은 듯 재밌었음차은우는 눈물만 흘리면 ㄱㅊ은데 말만 하면 너무 깸 연기땜에',10
'여주가 원래 이쁜 배우가 못생김을 연기했으면 어떨까하는 아쉬움..마지막에 딱 이쁘게 나오는.. 응답하라 시리즈처럼 누가 부마가 될까로 연출해서 드라마로 만들었으면 엄청 재밋었을듯 유치한거 좋아하는데 영화는 많이 아쉬움 ',6
'',10
'보아의 연기는 형편없어서 도무지 참고 보기 힘들고,4
'의미 있는 실화에 대해 놀라울 정도로 형편없이 각색된 영화다. 진행은 산만하고,4
'도대체 ㅋㅋㅋ차은우같은 방구석 잉여들 찬양하는 듣보 아이돌을 왜 꾸역꾸역 껴넣은거?',2
'처음에는  현재 나이에 나는 별로 몰입이 안되었다. 간지러운 대사 연기때문인거 같다 그런데 딱 기억은 못해도 마음 몸...?이 기억한다? 주인공이 장례식장 갔을때 울었을때...그때 부터 나의 울음포인트 였다 그때부터 감정이입이되었음...그래두 볼만한 추천추천',9
'내 여동생이 이렇게 귀여울리가 없어~던전에서 만남을 추구하면 안되는걸까?중2병이라도 사랑이 하고 싶어.정말 제목부터가 재치가 넘치는구만?(웃음)',8
'',10
'스토리가 흥미로워서 재밌었어요!',9
'',10
'음.. 영화 감독이 ado 노래를 듣고 감명 받아서 &amp;#39;이 가수의 노래를 널리 알려야 해..!&amp;#39; 하고 만든 것 같은 영화. 시작부터 끝까지 노래가 반 잡아먹는 느낌(물론 느낌만 그렇고 실제로 그렇진 않겠지만)이해가 안 되는 전개도 있었고,5
'재미없습니다....',2
'다시 말해 공수부대...그린 베레에서 차출되면 특전사(특수전사령부)대원 특전사에서 차출되면UDT나UDU나HID또는707특작부대',6
'',10
'내가 본 가장 잔인한 영화,10
'기대 안하고 보고 너무 잼나게 봤네요.촤곱니다',10
'박평식이 또 질병이 도졌냐?허세왕 박평식이 영화평론가를 가장한 독설전문가',7
'그냥 가볍게 보기 조아요',10
'서사 좋았고 전투씬 개쩔었음 ㄹㅇ',10
'우블에서 찐팬이 되어 장마비가 오는데도 영화보러 왔습니다~정말 힘도 얻고 힐링도 되고 뭔가 느껴지는 영화 입니다 좋아습니다 굿~',10
"'우아,,,연기 미쳤고 스토리 미쳤고반전에 반전 미쳤음!!사운드 미쳣고!영화 후기 처음남김재밋는거에 비해 소문이 너무 안남!!!'",10
'감성적인 대사와 아련하고 따스한 분위기',3
'',10
'광고좀 그만하소..인스타광고를 너무 때리시는듯',4
'사랑사랑사랑사랑사랑',10
'별점 10개도 모자를 정도로 울었다',10
'영화 한편에 3부작을 넣어서 전개를 하는데,3
'신화의 너머에 존재하는 어둡고 습한 곳',7
'울고,10
'주인공에게 이렇게 공감이 안 되기는 처음이다',2
'너무 재미있어요..',10
'청년 김대건이라는 인물이 매력적이었다.그 시대배경을 생각한다면 대단하고 용기와 패기..ㅎㅎ 외국어를 배워가며  머나먼 타국에서 신앙이라는 게 뭔지...아무튼 많은것을  생각하게했다.자극적이지 않은 영화..감동이 잔ㅏㄴ히 오는 영화인듯..',10
'연출 그냥 미첬다...넋놓고 봤네요',10
'뭔말인지 알쥐!!! 이거만 들린다 ',8
'달 기지와 배우 한명만으로 우리 사회를 보여주는 감독의 역량. 엄청 쫀쫀한 영화를 기대했다면 실망하겠지만,9
'',10
'인조와 소현세자 얘기는 잘 알려져 있지만,7
'그냥 미쳤다.. 연출 몰입감 최고였음 손에 땀이 멈추질않음 .. 이제는 분명 류준열의 시기가 온듯',10
'보는내내 긴장감 최고! 올해 개봉한 한국영화중 가장 재밌었습니다',9
'스토리도 탄탄하고 유해진과 류준열의 미친 연기도 인상적이고 시간 가는줄 모르고 재밌게 봤습니다.',10
'아무리 영화평이 주관적이라고 하지만보는사람마다 받아들이는 수준 해석하는수준여러가지가 있는건 알겠는데평점이 왜 이렇게 높은지 이해할수없네요저는 개인적으로 돈주고 영화관에서 보는건말리고 싶습니다 이건 아니야',2
'이게 뭔 개연성 밥 말아 먹었나 했더만 마지막 보고 평점 좀 더 줌. 처음부터 아내의 계획이었다라...서사를 좀만 더 쓰지 그랬음 못 알아먹는 사람도 많을텐데.',8
'난 웃긴데,10
'너무 사실적인 배경과 인물 묘사,10
'정말 좋은 메세지를 담고 있는 영화입니다',10
'진짜 내시간이 사라졌다..',4
'무미건조한 억지웃음보단 진심어린 시원한 웃음으로',10
'이런게 명작 아닌가? 스토리 참신하고 남주 여주 케미 쩔고 비주얼 작살에 연기까지 일품♥?',10
'당신과 함께 봐서 좋았습니다.',7
'오랜만에 진짜 깔깔대면서 봤어요!다시 보고 싶게 만드는 영화에요',10
'0점은 없냐감독이 변혁이네?',1
'결론 먼저 말하자면 표값은 하는 영화. 흥미진진하게 볼 수 있었다 다만 이 작품이 왜 8.7이라는 평점까지 올라가는지는 의문. ',7
'킹프리를 즐긴 자 이 영화도 잘 볼 것입니다.',10
'맥스 보는맛에봤는데 마야는 앞으로 영화 나오지마라. 애비얼굴에 똥칠을',6
'진짜 보는내내 웃기네요.  독일어하는장면은 진짜 배꼽빠졌습니다ㅋㅋㅋㅋ ',10
'',7
'정원이 죽기전에 한번 만나게 해주지에휴.모진 사람아 ',10
'진짜 보지마세요 제발;;클리셰 범벅에 못해 담궜음광고 하도 때리고진짜 너무 노잼여주친구는 옷 왜그렇게 입혔냐',2
'15번 이상은 본 것 같은데 볼때마다 울어요….',10
'빌런이 없는 영화--이 배우로 이 스토리로 넘 아쉬운 전개.',8
'뭐하세요? 예매 안 하고',10
'간만에 볼만한 스릴러물',10
'공포영화 본 중. 최고였습니다표현이 안되 어렵네요',10
'손에 땀을 쥐고 봤어요! 소름돋는 스토리와 소름돋는 연기력이 정말 … 최고였어요ㅠㅠㅠ',10
'연애하고싶어지는 영화노출장면이 있지만 그게 외설적이고 야하다기보다 설렘오랜만에 영화다운 영화본거같음',10
'',10
'걍 중국영화 본거같음....',4
'개신교든 천주교든 한번쯤 봤으면 좋겠네요  ',8
'재미진 드라마군 지금은 불가능한',10
'와 진짜 대박... 몰입도 대박이에요 사극은 개인적으로 제 스타일 아니라 별로 안 좋아하는데 사극이 이렇게 재밌을 수가 있다니... 꼭 보세요 정말!! 입소문 많이 타서 천만 영화 되기를 바랍니다',10
'실존했던 인물인 김대건 신부님의 삶과 또 그분과 함께 했던 성도들의 모습을 영화를 통해 바라보면서 큰 감동을 느꼈던 시간이었습니다. ',10
'원피스 특유의 전투씬이 별로 없는것은 아쉽지만 ost하나는 기깔나게 뽑음 단점은 너무 극적인 전개',9
'자칫 지루할 수있는 내용이었는데 스릴감있게 잘 만들었어요',10
'이게 왜 대체 이해를 못하겠네',1
'',8
'큰 감동을 받았습니다. 다만 역사를 공부하고 가야 더욱 영화의 내용을 깊이 이해할 수 있으리라 생각됩니다.',10
'진짜 일어났으면 좋겠다 친일파 척살 ㅋㅋㅋ',10
'진짜 존잼탱….간만에 진짜 재밌는 영화봤어요!류준열 진짜 연기 체고',10
'5점 준사람 진짜...영상미는 좋아요원피스영화중에 최악 ..정신없고 집중안되고',2
'일본풍의 제임스 본드라...',5
'이걸영화라고 찍은거냐?? 범죄도시 흥행하니까 이것도 잘될꺼라생각한거야? 에휴 내돈',1
'너무아름답고 슬픈영화입니다~!!!추천',10
'',10
'무한 감동중 역시 믿고 보는 기예르모 델토로 감독님 ',10
'이런 영화..진짜..한국 영화 수준 낮아진다..',2
'오랫만에 극장에서 눈물이 흘렀어요 영화보고몰랐던것을 많이 알게되었어요',10
'원작 보고 보세요 정말 재밌습니다 ㅠ 순수한 사랑이 무엇인지 알게 해주는 영화 ',9
'한국형 블록버스트. 역사물을 지루하지않고 큰 스케일에 잘 담아냈습니다. 비록 적이지만 상대편도 가볍게 표현하지않아 적당히 긴장감있게 잘봤습니다',8
'존잼임 강추드립니다 오랜만에 재밌는 영화',10
'진짜 김성철 연기가 미쳤씁니다 연출도 넘 좋았어요',9
'',8
'너무 머같아서 1점도아깝다 그냥 영화찍지말고 기술배우세요',1
'재미없어요..전쟁전까진 진~~~~짜지루하고 전쟁신도그냥뭐..1편은재밌게봤었는데',6
'올해 본 한국영화중에 제일 흥미진진했다 연기 미쳤고.. 마지막에 좀 후다닥 끝나는 느낌이 있긴한데.. 좋았음',7
'또라이 광기에 스릴은 넘친다',7
'핵노잼 다들 알바임? 올해본 최악 처음에만 흥미로움',1
'이런걸 돈 주고 왜 보죠..?',1
'가장 중요한 이야기의 핵심이 없다. 서사의 집중력 역시 많이 떨어진다. 인과성은 결여되어 있으며,2
'재밌는디 평점 왜저럼?뭔 평론가들만 납셨나 ㅋㅋㅋ캐',8
'',10
'오락영화로썬 괜찮아. 뭔말인지 알지?!',6
'역시 믿고보는 배우 유해진 류준열스토리가 너무 좋았어요지루하지 않고 재미있게 봤어요',10
'그냥 신선한 영화였음!!',8
'영화가 끝날때까지 집중하게 만드는 영화.재밌게 잘봤습니다.',10
'히나타자카46 니부쨩',10
'역사적 배경을 모르고 봤음에도 불구하고설정이나 연출,9
'우리나라의 위대한 대건안드레아신부님 일대기 신앙의 위대함구전으로   서적으로 알았던 내용보다엄청난 차이가 있으며 실제로 신부님과 성인 순교자들 신앙의 삶이  온전하게 가슴으로 와 닿았고  박흥식 감독께서  이도록 섬세하게 탄생을 잘 표현해주셨고  전체적인  표현을 감동으로 작품의 완성도가 만들어져서정말 감동입니다코로나 시대로 인하여 신자들이 힘들고 느슨해진 신앙생활을 탄생을 통하여  사제 수도자 평신도가 자신을 돌아보고  큰 은총을 받을수 있으리라믿고 감사 드립니다박흥식 감독님 감사 또 감사 합니다배우님들 도 모두 훌륭하신분들모두 수고 하셨습니다하느님께 감사 영광 드립니다',10
'코믹연기만 기억나는 유해진 배우의 카리스마 넘치는 왕연기 소름돋았구요. 전체적으로 시나리오가 탄탄합니다',10
'최악의 영화네 진짜  기본별점도 아까운 ',1
'와 미쳤어요 연기 너무 잘하고 몰입도  시간 가는줄모르고봤고 중간중간 스릴 장난아님 유준열 연기자 유해진연기자 진심 연기력 최고였습니다                ',10
'본지 몇년이 지나도 기억나 다시 찾아옴',10
'국정원 1차장과 3차장이 고정 간첩이라는 다소 허무맹랑한 시나리오지만 감독이 유재석과 함께 방위출신이니 그러려니 한다. 예상보다 연출은 나쁘지 않다. 경기 상고 정우성은 큰 키와 잘생긴 얼굴로 많은 돈을 벌어 상류층과 어울리더니 어설프게 노블리스 오블리지 고상을 떨고 싶은가 본데 깊이가 없어 안타까웠는데 이제 50대가 되니 예전 청춘스타 연기와는 달라졌다. 다만 발성이나 발음은 여전히 좋지 않다.',7
'여기에도 그렇게 살아가는 사람들이 있다. 그들이 서로를 냄새 맡고 다행히 함께,10
'',10
'내 나이 20대 그때는 주드로와 카메룬 디아즈가 잘생기고 이뻐서 매력적이고 화려하고 확 사랑에 빠지는 애네만 보였는데 20년 지나고 나서 다시보니 잭블랫과 케이트 윈슬렛  얘기에 더 공감이 가는 걸 보니 나도 참 연애를 많이하고 경험을 많이 했나보구나...',10
'마동석이 말로 웃기는 영화',7
'',10
'이거 원작자한테 허락도 받지않고 TV판 에피소드 탈락된거 짜집기로 만들고 원작료도 주지않고 있다고 들었어요. 왜 스토리가 이상한지 이유를 알고 깨달았죠.  ',2
'너무너무 슬퍼요 대체 남자 주인공 왜 이렇게 갑자기 세상을 떠났는지 모르겠네요 진짜 광광 울었어요 이렇게 마음 아픈 이야기가 있다니 .... 저도 일기 쓰는 습관을 들여야겠어요 ㅠ ㅠ',10
'5%진실과 95%의 상상력. 소현세자의 죽음과 관련한 단 한줄의 실록을 가지고 이정도의 탄탄한 상상력을 만들어냈다 것은 경이로운 레벨. 연출도 상당히 뛰어났다.',10
'',10
'감동입니다 연기.연출.스토리 다 완벽하네요 좋은 영화 입니다',10
'',10
'감동적인 영화 오랜만에 눈물흘리며 잘봤 습니다',10
'과연 눈에 보이는 세계만 진짜일까? 꿈과 현실을 연결 지음으로써 누구나가 가지고 있을 깊은 내면에 대해 생각해 보게 되는 영화 ',9
'너무 재미있게 봤다. 인생영화중 하나!',10
'영화 이상의 감동이 있네요?ㅠㅠ',10
'평소에 잔인한 걸 잘 못봐서 조금 힘들었지만 티모시가 너무 매력적. ',6
'김대건신부님의 영화를 보게되어 너무 좋고 감동적이었습니다.한국에 첫사제가 되기까지 험난한과정..지금 우리는 얼마나 편히 미사에 갈수있는지..',10
'추천합니다.오랜만에 좋은 한국영화.',10
'',10
'스토리가 너무 개연성 없고 설득력이 부족한데 평점이 높아서 놀랐어요 ',2
'솔직히 추천합니다  시간 돈 안아까움 ',10
'너무 감동적이었습니다..',10
'오스트만 남은 영화',6
'',10
'Be yourself의 극단적 은유',10
'뭐지.. 혹시 개봉이 많이 미뤄진 영화인가요',6
'기대 이상으로 좋았다',8
'보정 필터링 없는 그 시절 우리 첫사랑의 민낯. 성장이란건 누군가에게 종속되지 않아도 괜찮을 수 있는 것. ',10
'연출좋고 연기좋고 시나리오좋고 삼박자 다맞음',10
'생각보다 잔잔하고 생각보다 고어하지 않음',8
'8번 봤는데도 감동계속봐도 감동♡',10
'',10
'하... 평점 왜이러죠..? 뒤로 갈수록 읭?? 스런 부분이 많았어요 사랑인지 욕정인지 잘 풀어내지못한듯 ㅡㅡ;;',2
'진짜 다들 꼭 보세요.. 광기 개미쳤음…….. 미쳤다 미쳤어',10
'30세 이상 여성이라면 아묻따 보십시오!',10
'감독이 어떤 감독인지 알면 더 좋은 영화… 관능주의적 철학자라고 불릴정도로 인간의 본능에 대해서 이미 콜바넴으로 증명해준 감독인거 같아요… 콜바넴에서 보여줬던 첫사랑의 아름다움만 보여주지 않고 수치심도 함께 보여줬었는데 이번 영화도 처음에는 자극성만 보이다가 점점 두 사람의 상황에 따라 보는 시점이 달라진 영화인것 같습니다. 잔인한거 못보시는 분들은 비추입니다만 견딜 수 있다 하면 추천 합니다',10
'유해진 연기지린다 스토리 탄탄하고 류준열 작품 선택잘했다',10
'',10
'솔직히 기대 이하.논픽션 이지만 요즘영화 추세에 못미침.',4
'몰입도장난아님...손에힘이들어가서 다끝나고 힘이빠져버림요',10
'배우들을 믿고 끝까지 진짜 잼나게 봤어요',10
'이거 방금 다 보고 집에 왔는데 사실 이거 보기 10분전에 평점을 봤는데 1점대가 많고 재미없다고 해서 재미없나? 라고 생각 했는데 실제로 보니 재밌었고 좋아하는 배우(정경호 배우.)가 나와서 좋았다. 하지만 엔딩이 별로였다. 이유는 보면 알거다.. 스포는 할 수 없기에.. 그래도 이거 말고는 재밌었다.',8
'최초의 신부가 나는 이야기~그때의 세계적인 정세사정와 우리나라의 상황들이 그려졌네요 많은 이의 희생과 순교로 지금 우린 천주교를 자유롭게 믿을수 있게 되었네요 자랑스럽고 뭉클하네요',10
'마지막 대사가 명대사다...ㅎㄷㄷ',10
'이런걸 영화라고 만드나',2
'자랑스런 천주교 신앙 선조들께 새삼 감사합니다 당연했던 종교 생활을 되돌아 봅니다',10
'독수리 잡았을 때 조금만 먹고독수리 안에 폰 넣고 떨궜으면 좀 더 쉽지 않았을까 그리고 마지막에 911 와도 600미터 위의 사람을 어떻게 구할까 궁금했는데 안나오네 ',6
'평점 실화냐 인간이 영화를 만들다 만들다 이런 영화까지 만들었구나 내가 뭘 본거냐 아니 외계+인 평점 그따위로 주면서 이 영화 평점은 왜 높음????',10
'사극연화중 단연톱이라고 단정지을 수 있다',10
'소설보고 좋았는데 영화나온거 보고 바로 보러갔는데 소설과 조금씩다르지만 너무 좋았어요',10
'전체적인 색감과 구도는 좋았으나,9
'신부한데는 과거의 신랑이! 신랑에게는 미래의 신부가! &amp;#39;심야카페&amp;#39;라는 세계관이 재미있었습니다. 이 세계관으로 스릴러 얘기해도 재미있을 것 같아요..다만 이번 편은 살짝 심심하게 따뜻한 느낌.. 일본/대만 영화 보는 것 같았어요.. 글구 엔딩의 문숙/김대건의 시공초월 남매씬은 눈물 울컥이었습니다.. 근래 보기 힘든 잔잔하지만 적절한 유머! 극장에서 잘 버텨낼지는 모르겠지만,10
'진짜 잘 만든 영화에요... 몰입도가 높아서 끝까지 집중해서 봤습니다 정말 오랜만에 잘 만들어진 명작을 본거같아서 기분좋았어요 마지막엔 영화가 관객에게 직접 말을 걸어서 크게 여운이 남고 소름이 끼칠정도였어요',10
'너무 감동받았어요다시 보고 싶어요',10
'힐링이 필요할때마다 보는 영화',10
'초중반까지&amp;#39;만&amp;#39; 재밌음',4
'뼈까지 다 먹음으로써 완성되는 사랑',8
'자기의 위치를 깨닫는 것도 성장의 한 부분이겠지',8
'류준열 짱 멋지게슈룹보다 몇배 재밋네요',9
'마지막 노래로 모든 것을 설명해주는 근래 보기 드문 명작... 여운이 아직도 남는다',10
'음음... 이게 실화라니... 흠흠 도수무~~',9
'정말 감동깊게 봤어요 시대상과 인물상이 정말 깊이있지만 어렵지않게 풀어나가는것이 인상적이었고 보는내내 가슴벅찬 감동이 물결쳐 눈에서 눈물이 끊이질 않았어요. 휴지한장없이 가볍게 보러갔다가 마스크로 눈물을 닦았다는…. 물론 천주교신자라 더 잘 이해가 되고 더 와닿았을지 모르지만 시대상을 그려낸점에서 분명 신자가아니어도 공감하고 충분히 등장인물들에게서 감동을 느낄것이라 생각합니다. ',10
'처음부터 끝까지 한장면도 놓치지 않고 보게되는 몰입감 최고. 아주 복잡하고 디테일한 스토리는 아니지만 한시도 눈을 뗄 수 없음. 남배우들 연기력 끝장.',10
'내용도 재미있었고 배우들이 연기도 잘해서 시간가는줄몰랏다',10
'승리호는 참 사람 많이 타는 영화같다. 즐기며 보는사람은 되게 재밌게 보는데 굳이굳이 평가하려고 보는 사람한텐 별로인 ㅋㅋ 그냥 마음 편하게 내려놓고 보세요~ 애초에 판타지인데',10
'엄마나 딸이나 도긴개긴 근데 우리집 얘기 같음',9
'잔잔한 일본의 감성이 너무 좋았던 영화였습니다. 스포가 되어서 자세히 얘기할 순 없지만 마지막에 누나가 일기쓰는 그 장면 연출이 너무 최고. 또 한번 보러가고 싶네요.',10
'전작보다 액션도 낮고.. 트찰라의 빈 자리는 크게 느껴진다',6
'예전에 tv방영으로 본 후 오래간만에 다시한번보았다.조니뎁의 젊은 미모가 인상적이다.알파치노가 맡은 중년의 삼류건달같은 마피아의 모습이 측은하면서도 인간적이다. 범죄조직을 떠나서 우리들의 아버지의 모습이 떠오른다. 뭔가모르게 알파치노와 조니뎁에게서 측은함이 느껴진다.',10
'어우 수애 누님 연기가..',9
'하늘에계신 우리 주 하느님 찬미받으소서',10
'',10
"'내용은 대체로 예상대로 흘러가지만 스포츠영화를 좋아한다면,,'",6
'',10
'살아 나를 내신 천주를 알고 사랑함이 생의 목적이라보지도 못하고 듣지도 못했던 천주를 먼저 받아들이시고 목숨을 다해 사랑한 선조들의 이야기김대건 안드레아 조선 최초의 사제의 탄생 이야기무한 감사와 감동입니다',10
'천주교 신자로서 한국제1호 신부님인 김대건 안드레아 신부님의 일대기를 영화로 만들엇다는점에서 높은 점수입니다. 그리고 한국의 역사를 다시한번 공부할수있는 영화입니다.',10
'두 말 필요없네요..인생 영화 등극했어요 기대안하고 봤는데 엄청난 감동과 스토리..배우들 연기력도 최고',10
'진짜 최고 진짜 최고 꼭 봤으면 좋겠어요 연기력 연출 스토리 모두 대박이에요 대신 주변에서 영화에 관해서 아무것도 듣지 않고 보세요 꼭!!',10
'무난하면서도 흥미로운 중남미 음악과 요리얘기가 있다. 현재까지 7번 진행중,9
'드럼은 배우면 안되겠다',7
'한번씩 다 보아야할 귀한 영화',10
'끝까지 긴장해서 재밌게봤음',10
'어쩌면 진부했을 이야기를 원석으로 두고그 겉을 화려하고 기괴하게 둘러싼 돌맹이가한데 어우러져 작고 부질없어 보였던 그것이 결국 가장 빛날 수 있는 존재였음을 알려줬다. 참으로 충격적이지 않을 수 없었다. ',10
'윤시윤의 연기가 인상적이었고 감동적이었습니다ㅜㅠ 마지막에 오열했어요',10
'보는 내내 가슴을 울렸습니다.',10
'깊이 생각할 거리를 던져준다 판단은 개인이 아닌 사회가',10
'개인적으로 천주교 신자라 배경을 알고 보니 감동적이었지만,8
'판타지 영화일줄 알았는데 사실적인 주제와 소재가 흥미로웠어요',7
'정말 흥미진진하고 긴장감 넘치는 영화였습니다',10
'친일파 청산이라는 소재는 좋았지만 전체적인 흐름이나 맥락이 살짝 아쉬웠던듯 해요..',6
'이광수가 주연할수 있다고 정녕 생각하는건가? 이러니 망할밖에...',2
'지루하지 않고 시간순삭',8
'몰입감 최고 연기 최고 추천합니다',10
'너무 긴장해서 머리에서 열남. 재밌음.',10
'심심해서 봤는데 더 심심해짐..재미없다 비추천함.',1
'진짜 미쳤다. 연기 연출 최고였다.',10
'나는 임시완이 끝까지 있을줄 알았다',5
'영화 잘봤습니다. 감동입니다',10
'메리 크리스마스---♡♡♡',10
'아름다운 청춘을 영상미로 잘 표현해서 너무 좋았습니다. 한순간일지라도 진심이었던 아름다운 사랑의 여운이 길게 남아 영화를 보는 내내 울먹이는 감정을 참을 수 없었어요. 다시 한 번 더 가서 그 여운을 느끼고 싶은 영화였습니다.',10
'',10
'진짜 오랜만에 영화관에서 영화본건데 성공했네요!! 완전 꿀잼 너무 재밌었습니다!!',10
'생각보다 훨씬 재밌었던 영화. 연기력 보장하는 라인업과 반전있는 스토리까지 너무 좋았음!! 간만에 미쳤다 라는 영화를 본 느낌',10
'여자친구와 손 잡고 봤는데 악력이 이렇게나 셀 줄 몰랐어요 너무 충격적이고 재미있었어요...!',10
'체험하는 기분',8
'',10
'무슨 정신으로 만들었을까...가 포인트.',1
'이 시대를 살아가는 청춘,6
'정신박약 저능아들 역사에 무지한 어설픈 사실을 아는 애들 딱 선동 당하기 좋은 딱 그 정도 수준의 내용과 픽션',1
'진짜 지렸다. 류준열에게서 이병헌이 보였다.제목이 왜 올빼미인가 했는데..진짜 올빼미였다스포가 될것같아 명장면들을 적질 못하겠다',10
'꽤 볼만한 팩션 사극 스릴러',7
'이 영화를 보면서 현실에서의 무능하고 질투심 많은 인조가 윤석열과 매치된다 정말 잘만든 영화 류준열과 유해진의 연기가 압권',10
'간만에 가슴이 따뜻해지고 배경도 과거 추억도 회상되는 영화였습니다. 특히 OST가 너무 좋았네요',10
'간만에 시작부터 마지막까지 계속 흥미진진하게 본 영화입니다. 유해진 배우의 왕 연기도,10
'오랫만에 이리 영화같은 영화를 봤다',10
'',10
'개연성은 살짝 부족하나 간만에 좋은 한국영화를 보는거같아 좋네요',10
'추모하는 마음',6
'올해 가장 재미있게 본 영화!!배우들의 열연으로 시간 가는 줄 몰랐네요',10
'저는 너무 웃겼는데 같이 본 친구들은 다 노잼이래요. 코드가 맞아야 하나봐요.개그코드 맞음 웃겨요. ',10
'몰입하며 봤어요연출력 좋고...연기 좋고사극 스릴러 ..잘 봤습니다추천해요!!',9
'생각이상으로 슬프고 감성적인 내용이 깊게 느껴졌다',10
'캘리포니아 드림은 기억에 선명하게 남지만 스토리는 정말 취향에 안 맞음 여자주인공 행동에 기겁함',6
'꽤 재밌고 우당탕탕 소재였던거같음.평점보고 안볼라했는데 줄거리보고 봄 ㅋ',9
'재미가 없다고 하기도 그렇고 재미가 있다고 하기도 그렇고',6
'스토리 빌드업이 생각보다 괜찮은 영화',10
"'원래 음식도 뻔한게 더 맛있고 계속 생각나듯이 탑건이 그런 영화다. 뻔하고 진부한 스토리이지만 그걸 너무 잘풀어냄. 영상미,스토리,연출,연기",10
'어렸을땐 극장판중에 이거랑 스파이쳔이 젤 재미 없었는데 어른돼서 보니까 엄청 재밌다.어른철수는 진짜 전형적인 영업사원 같고 어른짱구는 Mz세대 같네 ㅋㅋ 아 물론 스파이는 아직도 잼없음 ',10
'여운이 12월 현재까지... ',10
"'궁금한 건 다들 칭찬하면서 평점 왜 짜게 주는지ㅜㅠ소설은 내가 이입해야하는 느낌이면 영화는 강제로 이입시켜쥬는 느낌,",10
'영화를 보며 그동안 알지못했던 사실들도 알게되었고,10
'다들 걸작이라고 칭찬하길래 봤는데 취향에는 안 맞았음 OST는 진짜 최고 국수통이 명품백처럼 보이게 만듦 ',6
'한번 더 봐야지 설리를 이해하러',10
'와 라는 말밖에… 여운이 많이 남습니다.영화 보고 나왔는데 류준열역에 너무 몰입했는지 밝은 곳이 침침하네요..',10
'진짜 너무 재밌게 잘 봤어요 한번 더 보고싶은 영화는 오랜만이네요 배우진들 연기도 너무 잘하고 끝나고도 여운이 남는 영화였습니다 잘봤습니다',10
'뭔가 비어있을때 보면 눈물 펑펑나오는 영화아끼게된 영화',10
'믿고 보는 류준열 모든 배우가 완벽했다',10
'왜 이걸 이제서야 봤는지 모르겠다',7
'',10
'설리귀여움 마이크도ㆍ',10
'처음부터 끝까지 집중하게 만들었다...',10
'결말이 뭔지모르겠는... 재미없어요',6
'코로나 이후로 영화같은 영화로는 처음이었던 것 같습니다. 영화 ‘사도’ + 공포/스릴러가 추가됐다고 보면 되고요..정말 재밌습니다',10
'생각보다 반전도 있고 사극에서 스릴러라는 요소도 좋았어요 !',10
'뮤지컬 영화인데 기억나는 노래가 없음 ',5
'모든 감정에 공감할 수 있었다. 나를 포기하지 않고 이끌어준 모두에게 감사를...',10
'조선시대 신유박해때 수많은  천주교 신자들이 박해를거쳐 순교를 하였지요~~나는 천주교인이오살아도 천주교인죽어도천주교인입니다~~가슴이 뭉클합니다',10
'세상에 이토록 아름다운 트릴로지가 있을까??이전에도 없었고 앞으로도 쉽지는 않을듯 합니다....정가형제 최고입니다.. ',10
'쿠엔틴타란티노 따라하고싶었던 영화 그이하도 안됨',2
'중간에 끼어든 뮤지컬 같은 장면만 빼면 만족스러운.. 재밌었어요',8
'책 내용 그대로 영화로 잘 만들었다고 생각합니다.그리고 OST가 굉장히 전달하고자 하는 분위기를 잘 전달한 것 같아요.너무 재밌게 잘 봤습니다.',10
'재밌게 잘봤어요 유해진 배우님 짱짱',9
'알바들 많네~말도 안되는 스토리에 짜증나서 뛰져나갈 뻔',2
'진심으로 재밌게 봄. 그냥 메시지는 외계인 죄수 형벌 집행에 엮인 인간의 자유... 살짝 버무려서 너무 내 취향인데.. 나만 재밌게 봤나 근데 진짜 영화 1부로는 부족할 것 같고 무조건 2부 나와야한다. 그래서 성공해야하는데.. 슬프다... 2부보고싶다캐릭터 전부 매력있어서 좋다. ',9
'음악이 조금 절제되었다면..',6
'여운이 남는 영화가 될 것 같아요 재밌게 잘 봤습니다',10
'재밌게봤습니다. 끝에 용서나 핵심악인 한명은 살아남는 지지부진한 결말없이 모두 처단해서 통쾌했고..그냥 나쁜 짓했음 벌받아야한다고 이성민의 행동까지 나쁘다고 매도되는건 좀 아쉬웠네요',8
'아무리 영화라도 말이 안되는 전개가 몇몇 있지만 지루하지 않고 심심할때 볼만합니다',7
'극장템임',6
'긴장감이 끊이지.않음',8
'아.. 티모시좋아해서 후기보고 갠찮겠지하고 봤뉸데.. 좀힘들었어요..ㅠㅠ속이안좋아요..',6
'배우들은 수준급 스토리는 영화를 얕보고 있다',2
'최고지 진짜 또봄 영화관에서 봤을때가 생각난다 ',10
'스토리도.코믹도.감동도.연기도.뭐 하나 봐줄수가 없는 없을 무의 영화라니..감상포인트 없인 등록이 안되서 영상미에 별 ',2
'러닝타임이 길어 전개가 좀 지루한 면은 있지만 김대건 신부님의 삶과 죽음이 참 간절하고 가슴 아팠다ㅠ',8
"'몰입도가 진짜 높았고 믿고보는 유해진,류준열이었는데 역시나 최고의 영화였습니다'",10
'초반은 이게 무슨 내용인가 싶은데 후반으로 가면 코미디 영화치고는 흥미진진하고 가족애를 느낄 수 있는 그런 영화였어요 진짜 재미있다 이런 말은 못 해도 시간과 여유가 있으면 볼만한 영화같아요',9
'음..신선한데 스토리를 참신해서 좋아어요',10
'어리지 않은 사랑에서 여린 피비린내가 흐른다',8
'올해 봤던 영화중 최고... 공포영화 급... 짜릿한 전개 아주 재미있게봤고 모든 장면 하나하나 다 기억나요!',10
'의도는 좋았는데 영화를 너무 못만들었음 ㅠ',1
'배우들의 열연이 나를 슬프게 한다.',1
'',7
'',5
'',7
'이민기ㅠㅠㅠ 개슬퍼 ㅠㅜ',10
'',9
'어리다고 모르는건 절대 아니고 어른보다 어리다고 볼 수 없다.',10
'마동석은 이제는 그냥 하나의 장르다. 연출은 조금 방황했지만,10
'처절하고… 지독하다..',8
'',6
'',5
'인생영화 감정을 불러올수있는',10
'재밌게잘봤습니당',9
'  자극적으로  전달하지 않고  종교에 국한하지않고 그것을  넘어 우리나라의 근 현대사를 잘 전달한  영화.. 잔잔한 감동으로 다가오는 영화   연말에  꼭  봐야할  영화',10
'코믹한 연기 재미있습니다',10
'여운이 오래남네요. 박해일씨 눈빛연기좋아요',10
'이런 걸 기대하고 원피스를 보려는 게 아닌데.',4
'류준열이 참 잘하더라구요!!! 소현세자? 나오신분도..우와...',10
'인조는 왜 류준열을 안죽이고 보내줌? 미친거지',7
'진짜 오바임..개재밌음 제발봐주세요',10
'돈이 아깝지않았네요오랜만에 보는 영화였는데 너무 재밌었습니다.',10
'답답하다. 숫자만 세고 있네.',1
'산사태 제기랄대단하다 연출',2
'진짜 좋았습니다 감동적이였네요 ',10
'역사 소재는 별로 안 끌려하는 편이라 기대 없이 봄 근데 진짜... 반전의 반전 재밌어요 개인적으로 범죄도시2보다 스토리 탄탄하고 정말 잘 만든 듯 함 소재도 신박해서 흥미롭고 연기도 정말 잘 함 왜 이렇게 화력이 약한지 의문인데 다들 나처럼 역사? 별로 일 거 같은데.. 해서 안 본 것 같음ㅜ 스토리는 역사지만 딥하지 않음 아예 몰라도 지장 없음 아무튼 고민하다가 본 거지만 정말 만족함 오랜만에 좋은 영화 봤네요 고민중이면 진짜 보는 거 추천함',10
'원피스 극장판의 새로운 시도',10
'1995년도 작품.내가 5학년때 만들어진 영화를 2022도에 제대로 보게되었다.',10
'여운이 길다 여운이 길다',10
'간만에 시간 가는 모르는 사극 영화를 봤다아주 추천.',10
'시간 가는줄 모르고 봤어요',10
'원작반에반에반도 못따라감각색을하지말고 원작에 충실했으면좋았을것을.. ㅉ ㅉ ㅉ',4
'순수함이 보는내내 미소짓게 만든다',10
'종교에 상관없이 신념을 가진 순교자의 생에 울컥,10
'마이너스 점수가 있으면 주었을 것. 동성애를 이제 아이들에게도 주입시키겠다는 디즈니... 선 넘었다.',1
'솔직히 지루한 부분도 있었지만 전체적인 내용은 좋았어요 원작 책 읽지 않고 대략적인 내용만 알고 혼자 가서 관람했는데 남주 여주가 잘 어울렸고 내용도 너무 좋았어요 뻔한 스토리일 수 있지만 연기도 잘하고요. 마지막에 너무 슬퍼서 눈물이 나오더라고요 이 부분만 여러 번 보고 싶어요 ',9
'갈수록 잼나는 것 같아요 조카들에 대한 최고의 선물어깨 어쓱ㅋㅋㅋ',10
'최고 어릴적 상상만 했던 그 모습이 영화로..',10
'시도는 좋았으나 그저 그런 보통 영화',6
'연출 영상미 모든게 최고인영화',10
'아름다운 인간에 대한 이야기.',10
'',10
'성부와성자와성령의이름으로아멘.감동적이고여운이많이남는..개인적으로너무잘봤고.너무잘만들어진영화같아요.',10
'재밌는데? 나이들어서 봐도 분기별로 생각남특히 짐캐리연기 미쳤음',10
'손에 땀을 쥐게 만드는 영화가 너무 오랜만이었음',10
'오랜만에 미친영화였다 진짜 재밌어요ㅠㅜㅜㅜ 꼭 보세요…. 사극 개싫어하는데 이번에 생각바뀜',10
'어이없는 결말.^^ 불행한 일을 겪은 친구를 없애야 나머지 생을 편안하게 살 수 있다는건가..?ㅡㅡ 왜 자기들끼리만 행복한 결말인지..시간아까움 ㅠ 빡침.. ',1
'기억 속에 없지만 마음속에 분명하게 남아있는 추억들을 그리워하며',8
'갈수록 지루한 전개와 정신없는 마무리는 아쉽다..',4
'믿음직한 배우들의 최선의 연기를 보았다.그래서 시간 가는줄 모르고 영화를 보았다.',10
'동석이형…아무리 형이라도 이건 아니야…극장에 나 포함 3명 있었어 이거 절대 보지 마세요',1
'류준열배우 연기가 정말 좋았음 유해진배우는 좀 경박스러운 왕을 표현했다면 정말 연기의 신!! 연출 정말 소름돋고 좋았음 올만에 잼난거 봄 후반 결말이 쬐금 함',10
'찌질하고 무지한 왕소현세자와 강 빈은 얼마나 한이 쌓였을까...궁궐은 너무나도 무서운 곳이다',10
'남주 얼굴 미쳤습니다영화 너무 슬퍼요ㅠㅠ이 영화 진짜 추천 합니다',10
'완성도가 정말 높은 영화',10
'동질감으로  시작된 로맨스,8
'돈이 안아까운 영화는 오랜만',10
'죽기 전에 보세요 울 담임쌤은 두 번 봤고 저도 또 보러 갈 거예요 아빠랑 엄마랑!! 진짜진짜 재밌어요 일단 보세요 9점 준 사람이 이해가 안됨',10
'생각이하로 재미 1도없음스토리 구성력이 아주 꽝임절대 추천안함',2
'긴장감있는 전개로 시간가는줄몰랐다류준열 연기 대박 ',10
'연기천재들이다모임봐도봐도감동',10
'사랑같은거 하지마...',10
'진짜 재미없어요. 딴거 보세요. 동감이나 데시벨 올빼미 보세요..',1
'인생 최악의 영화다  이영화 출연한 배우들 참 생각이없다  이런걸 찍으면서 이건 아니다 싶은 생각 안들었나요?니들은 배우들도 아냐  쪽팔린줄 알어라  여태 살면서 본영화중  최악중에 최악  아니 평가할 가치도 없다.',2
'근래본 한국영화중 수작',10
'재가 생각했던 그 이상으로 재미있어요',9
'재가 생각했던 그 이상으로 재미있어요',9
'가짜에 대한 로맨스적 고찰',10
'재미있게,10
'너무 기대가 컸었나봅니다ㅠㅠ다큐를 찍던지 영화를 하던지 이것도 저것도 아니네요 원래 영화평 거의 안쓰는데 너무 기가 막혀서 평 쓰고 있네요  이 영화 어차피 관객이 주로 기독교인(가톨릭이건 개신교건)일걸 알고 만들었는데 너무 신앙적 고민없이 사건 나열 인물나열식의 전개네요 도무지 몰입이 안됩니다 감동받으려고 작정하고 갔는데 감동대신 화만 나네요 차라리 다큐면 나레이션이나 그밖에 레퍼런스나 전문가 인터뷰 등으로 역사를 잘 알게 해줄것 같던데요 극영화란 형식을 빌렸다면 꼭 있어야할 영화전 상상력은 어디 있나요? 대체 서사라는게 있기나 한건가요? 게다가 요즘은 연기 잘하는 조연배우들 너무나 많던데 영화장면인지 대본연습(것도 연습 중 엄청 깨져야 마땅할)같은 그 대사처리는 오금이 저려 듣기가 힘든 적이 너무 많았네요김대건 신부님이 세례받는 장면부터 순교하는 그 순간까지 주요사건 중요인물을 모두 등장시키려는 감독의 욕심이 영화를 망쳤네요 ㅠㅠ평점이 7점을 넘는건 그들이 대부분 기독교인들일 것이고 영화에 대한 개콴적 평가가 아니라 왠지 낮은 점수를 주면 안될것 같은 모종의 신앙적인 부채감이었을거라 생각합니다 플롯 엉망,2
'내용도 연기도 모두 감동입니다',10
'재밌었어요 진짜 짱 재밌네요',10
'와,6
'영화는 좋아요하지만 제 취향은 아니네요',7
'류준열 보러갔다가 유해진에 빠져버림!!!!',10
'재미있게 잘 봤습니다 재미있게 잘 봤습니다',6
'누가 재미없다했냐 ㅋㅋㅋ ㅈㄴ재밌게봤네 이런영화 너무좋음',10
'이정도면 근래본영화중에 단연탑임 ㅜㅜ제작비가 얼마나들었는진 모르겠는데왜 다른 거액제작비들여서 만든영화보다 감동이있는건지 ㅜ 요즘 영화재밌는게 없었는데 오랜만에 돈안아까운 영화였습니다',9
'숨 졸이며 재미있게 잘 봤습니다',10
'영화가 끝난 후 여운이 남아요 ',10
'너무 재밌고요 그 특유의 일본 감성도 너무 좋았구 주인공 배우들이 다 너무 이쁘고 잘생겨서 좋았어요 그리고 정말 죽기전에 봐야할 영화중 하나인듯 합니다 ㅠㅠ 정말 슬프고 감동 재미 다 있습니다 꼭 추천 합니다 !!',10
'마동석은 액션 빼면 안된다',1
'눈물 터지고 감정추스르지도 못하고 극장 나섬ㅜ',10
'영화관에서 봐도 돈아깝지 않은 영화. 예고편을 안보고 영화를 봤는데 참 재밌었다. 예고편을 보고 영화를 봤으면 재미가 확실히 반감됐을 듯.',9
'&amp;#39;해가 뜨는 순간&amp;#39;의 의미를 비튼 연출과 두 주연(개인적으로는 유해진 배우님이 정말... 와...)의 호연이 눈에 띄는 수작이었습니다',10
' 돈이 아까운 영화...',2
'캐스팅은 좋았으나,6
'작품이 기대가 됩니다.',10
'독 때문에 눈알 뒤집어 지는거 빼곤 볼만했어요',6
'상영시간내내 은총받는 느낌이였어요 잔잔한데 지루하지않고 끝까지 놓칠수없는 장면들과 우리나라의 첫신부님이 되신 역사적인내용들도 있고 끝까지 감동입니다',10
'소설책을 보고 봐서 원하는 장면이 나오지 않아서 많이 아쉬웠지만 진짜 완전 슬퍼서 울었어요주변에서 훌쩍이는 소리도 나고... 완전 집중해서 봤어요',10
'',10
'그저 올드하기만 하고 새 시대의 것이라고는 찾아볼 수 없는 추억 재가공하기',6
'',9
'긴말 필요없이 꼭 봐야함',10
'배우분들의 연기가 너무 재밌었습니다!',10
'조금 더 길었으면 할만큼 재밌었습니다',10
'재밌는데 ㅋㅋ 영화관에서 보기에 돈아깝긴 하겠네',10
'한번더보고싶네요 대박',10
'웰메이드 무비입니다.',10
'이거 보고 냥이가 좋아졌다. ',7
"'일단 역사적 사실이 감동이 없으니 세드엔딩이라고 보시면 됩니다천경수라는 인물로 인해 스토리를 잘 풀어가고 소현세자가 죽을 때 연출의 충격은 아직도 잊지 못합니다 결국 정치질이라는 현실도 잘 담아냈어요 다만 초반에 중전과 세자빈의 나이가 비슷하고 세자의 원손,중전의 어린아들 때문에 살짝 누가 누군지 혼란스러웠지만 올해 본 영화 중 가장 인상깊고 재밋었습니다'",10
'대사가 빨라서 일부 못알아 듣는거 빼면  재밌는데?? 평이 극과 극인듯.ㅋ',8
'어둠 속에서 빛을 향한 자의 이야기',9
'기대한 것보다 훨씬 더 탄탄한 스토리가 감동임다',10
'기대 안하고 봤다가 펑펑 울고 끝났네요.. 레이디 가가 노래는 당연히 잘하는데 연기까지 잘하네요.',10
'감동있음. 재밌음. ㅜ.ㅜ',8
'이성경 황우슬예 캐릭터 겁나 이쁘고 사랑스럽네ㅋㅋ그것만 볼만했다ㅋ',10
'늬들이 한국에 와서 뼈해장국을 먹어봐야 그 짓을 안 하지...',9
'고등학생 때 본 그 감정이 지금 봐도 여전히 느껴지는 명화! 너무 그립고 그립다.',10
'너무 재밌게 봤다.',10
'이 영화에서 말하고 싶은 내용은 뭘까?.. 살인마와의 아름다운 사랑?? 살인을 미화하는 영화는 없어져야 한다..',1
'우솝과 야솝으로 시작해 밀짚모자 일당과 빨강머리 해적단을 번갈아 보여주는 연출이 백미',7
'씹덕감성 집어넣은 인도영화',10
'카메라 플래시가 터지는 순간 모든 것이 이해 돼 버렸다. 애석하게도. ',8
'종교가 역사에 악용되는 것이 싫다믿음의 선조들이 목숨으로 지켜낸 숭고함이  요즘 시대의 우리들은 마음에 깊이 와 닿지 않는것 같다',8
'몰입하면서 보게 되는 그런 영화. 잔인하지만 슬픈 사랑 이야기.',10
'그다지요 추천하지않습니더ㅡ',2
'이게 진심으로 재밌음? 나 어이없어서 웃다 나왔는뎈ㅋㅋㅋ',1
'티모시는 전작이 기억이 안날정도로작품 흡입력이 엄청나네:;기대이상으로 몰입도가 좋았고잔잔하지만 내마음에 요동치는..',10
'기대 안하고 봤는데 ... 존잼 ',10
'공산당과는 상종하는거아님',1
'일단 유오성 좋아요 장혁 좋아요 다 좋아요.일단. 돈 내고는 보지마세요',10
'아 존나재밌다짐짜…………하 ….. 너무 울어서 앞이 안보임우타야… 우타야….샹크스 딸 우타 맞음 반박시 검은수염. 이 영화 보고도 우타 싫어하면 싸이코패스 붐따 ',10
'소설을 안보고 영화로 처음 봤지만 남잔데 울었다',10
'',10
'팩트와 픽션의 적절한 조화 및 연출력이 상당하네요!솔직히 기대 안하고 봤는데 기대 이상이였습니다배우들의 연기는 말해뭐해구요혹시 안보신 분 있으면 삼전도굴욕 얘기만 이해하시고 보면 재밌을것같습니다',10
'',10
'어설픈 추리물로 돌아가기엔 늦었다. 그냥 이런식으로 코난을 액션배우로 성장시키는 것이 좋다..',9
'아쉬워~ 범죄도시로 만나요 마블리ㅜㅜ',6
'쇼생크탈출을 백만스물한번째 보는중임.. 그래도 재미있음',10
'시간가는줄모르고 너무 재밋게 봤어요~~~ 추천!!합니다. ',10
'진짜 재밋다 심장이 두근두근햇음',9
'이게코난이지  탐정만화 분위기를 잘살렸고 그림체까지완벽',10
'천주교신자는 아니지만 김대건 신부님을 존경하게 만드는 영화였다. 그리고 모든 배우들이 다들 연기를  정말 잘하신다~~',10
'넘넌ㄴ너너너ㅓ누무무ㅜ뭄 재밋어요',10
'아 올해 내 인생 국내영화 탑',10
'에로를 기대하면 오산 생고기 사랑 영화',4
'액션 영화답게 액션하난 지렸습니다 장혁 최고네요 ㅋㅋ 다음시리즈 나왔으면 좋겠어요 아저씨나 존윅같은 영화 다 찾아봐서 또 없나 기다렸는데 나와서 너무 좋았음 ',10
'너무재밌당ㅠㅠ넘 영화 잘 만들었어엉요용',10
'좀 지루해도 볼만함',9
'기대안하고 봤는데 띵작임배우들 연기는 물론 스토리도 탄탄함',10
'종교영화의 장단점을 모두 가진 영화',6
'주체성을 잃지 말자. 삶은 내 스스로 개척하는 것',10
'액션이나 스토리 몰입도 좋았어요 ',10
'훈련소에서 들었던 정신교육이 더 재밌었습니다.',1
'스토리 깔끔하니 너무 잘만들었어요.연기도 잘하고 수출해도 되겠어요',10
'전개의 감속과 희화화가 부담보다는 풍부함과 안정감을 주었다.',8
'진짜 오랜만에 보는 웰메이드 historical fantasy다. 진짜 잘만듦. 와..역시 연기력 낭비 없다는 평가는 이런 영화를 두고 하는 말이지',10
'초반은 좀 스토리가 질질 끌어서 몰입감이 떨어져 집중못했는데 중반주에서 후반부 넘어갈수록 눈을 뗄수없었습니다 너무 재밌게봤아요 배우들 연기도 너무 좋았구 스토리도 너무 감명깊었습니다 ',10
'이야기 전개의 의외성 같은건 좋았는데 액션이 뒤로 갈수록 보기 힘든 수준이 되는 게 많이 아쉬웠습니다. 1편보다는 재밌었어요.',6
'기대안하고 보면 재밌어요 코드잘맞아서 소소하게 재밌었습니다',10
'대사와 연기로 유치함을 달랜다.',7
'류준열 배우님 연기력 좋았어요.추천합니다',10
'최고의 슈퍼맨 영화다.',10
'파격적인 시도였지만 개인적으로 좋았음',10
"'유시윤씨 연기가 좋았습니다 천주교 아니신 분들은 조금 지루할 수 있어요,,,'",1
'영상미가 좋아 지금 계절에 보기 좋네요.갈등도 있지만 그 안에서 현실적으로 풀어나가 결국 진정한 가족으로 거듭나는 내용도 좋았습니다',10
'정말 감동적이네요! 편안하게 신앙생활하고 있는 지금이순간이 목숨을 걸고 신앙을 지켜낸 분들의 희생이 있기에 가능했다는 것을 알고나니 가슴이 뭉클하네요',10
'진짜 오랜만에 재밌는 영화 봤네요근데 조금 무서울 수도 있어요배우분들 연기를 너무 잘하십니다ㅜㅜ',10
'최악..간만에 보다가 나갔음 ',1
'매우 지루함. 잔인하다길래 봤는데 잔인한 장면은 한번밖에 안나옴 ',2
"'재밌어요유해진,류준열 외 모든 배우 연기와  연출 모두 좋습니다 '",10
'너무 재밋는데요 류준열 연기 무슨일',10
'시간가는줄 몰랐습니다. 꼭 보세요~(혼자당할순 없다....)',10
'나도 모르게 집중해서 보게만드는 매력이 있었다',10
'진짜 시간 아까웠어요 .. 마동석 보는 재미로만 보고 증말루 .. 노잼',2
'지루한 감정선.. 80년대 영환줄...',2
'초반은 그냥 그랬는데 중반이후 몰아치네요배우들 연기가 진짜!! 연기에 감동받습니다',8
'지금까지 영화를 보면서 메세지를 대놓고 강조하는 영화는 첨봄',2
'이종석 복수 포인트 서사 부족 ㄴㅈ',2
'덜덜드드니드드노드트기기',10
'진짜 미친 연기였다… 와…. 너무 재밌었음 강추  류준열의 봉사연기가 정말 너무 대단했음…. 세자가 죽는 순간의 연출은 정말 위대했다… ㅠㅠㅠㅠ 올 해 본 영화 중 최고 ㅠㅠ 너무 좋아요ㅠㅠㅠ 꼭 남우주연상 받으세요ㅠㅠ',10
'원손은 대길이랑 송태하가 구해줬잖아',10
'상영시간 내내 벅참과 감동 그리고 눈물의 연속이였습니다. 다만 스토리 전개에 있어서 편집을 너무 많이 했다는 생각이 들었습니다. 상영시간의 제한이 있으니 어쩔수 없으셨겠지만 다소 아쉬웠습니다. 그래도 잘 보았습니다.',8
'마동석은 사실 범죄도시말고는 주인공안되지 코믹연기를못해 재미드럽게없네',1
'',10
'지루함의 대여정몰입감도 없고 깊이도 감동도 없는 겉은 그럴듯하지만 속은 비어있는 영화',6
'기존 저스티스 리그 넷플서 보고 우연히 시리온에 있어서 바로 봤는데 아예 다른영화..기존꺼 보고 나서 바로 본 거라 추가장면과 변경된 장면 보고 소름',10
'평범할 수 없는 별종들의 운명',8
'그냥 말로설명 ...못할정도...꼭봐야하는 영화..',10
'항마력 딸리고 작화는 최악그리고 설정붕괴 에바임',1
'윤시윤 배우의 열정적인 열연을 펼친 대작!',9
'감상포인트 없음. 싸구려 드립쇼 그 자체구요.어이없는 BGM.. 몰입이 안됩니다 아예..개연성 분위기 연기 다 ... 그냥 제발 보지마세요.. 제발요.. 올빼미는 재밌게본 영화입니다. 혹시 다른 사람 얘기를 잘 안믿는 분이시라면.. 그럼 영화를 보시고 감상평을 남기세요.',1
'사촌 동생이 뽀로로 광팬이라 포인트 사용할 겸 같이 가줬는데 애가 팝콘도 안 먹고 집중해서 봤음,10
'유치뽕짝이네. 진짜.',2
'간만에 다회차 달린 영화. 평점이 낮은게 이해가 안되네요. 다만 잠수함이라는 것이 꽤나 생소한 소재라서 여러 단어들에 주석을 달아줬다면 더 즐길 수 있었을걸 싶습니다. 각본이 꼭 발매됐음 좋겠어요.',10
'요소가 많지만 복잡하지는 않다',10
'재미있어요~ 감동적입니다.',10
'간만에 넷플릭스에서 꿀잼',8
'동생들이랑 보러갔는데,10
'레전드내 인생 최대 영화 …진심 한번 더 보고싶다 ',10
'',10
'B급인척하는 거대한 병맛 스토리.. 눈이 아플정도로 화면은 자주 바뀌지만 지루하고 답답함의 연속.. 연기력과 제작비가 아까울정도.. B급영화를 좋아하지만 이건 선을 넘었다. 입소문? 호불호? 풉ㅋㅋㅋ 걱정ㄴㄴㄴ 그냥 재미 자체가없는 영화니 이제 블로그리뷰 마케팅에 목숨걸겠네... ',1
'',10
'영화가 끝나는 순간까지 긴장하며 시간가는 줄 모르고 관람하였습니다.',10
'오동민님 너무 불쌍하게 나와ㅠㅋ 윗집커플때문에 사건에 휘말리고 웃기게 만들고ㅋㅋ',6
'조카랑 같이 봤는데 재미있어 하네요~',10
'오랫만에 극장에 갔어요유해진씨와 류준열씨가 함께 한다니 그것만으로 기대가 컸어요역시나 재미있게 봤고다소 무서웠어요섬세한 연출도 굿~~~',10
'DP보다 재미있게 보았다',9
'이런 영환줄 알았으면 안 봤다. 끔찍한 장면보다 영화 전면에 흐르는 살육의 욕망이 느껴져서 불편했다. 사랑과 살육을 연결시키다니... 불편해도 구아디아노의 연출력만큼은 놀랍다.',7
'뻔한 얘기. 굳이 안봐도됨',1
'',10
'삼류 드라마보다 못한 전개',1
'만들다만 영화같음억지웃음 막장스토리최악',2
'긴장감 있는 전개 스토리도 탄탄 배우들 연기까지 모두 좋았다 사극이 재밌어지는 영화다',8
'류준열 배우의 진면목을 보았습니다. 연기를 잘하는 배우네요. 현대극보다 사극이 더 나은듯. 유혜진의 왕의 역할 도무지 그림이 그려지지 않았으나 그런대로..세자의 품성과 이미지와 선함이 기억에 남습니다. 스토리가 탄탄해 모처럼 몰입해서 봤내요. 추천합니다. ',10
'보고 난 후 내가 이 영화를 왜 봤지 후회된 영화다 욕과 말장난뿐',2
'말해 뭐해? 올해 본 한국 영화 중 원탑이었다',10
'여자친구랑 봤어용 잼밋서용영원한 곤 졸대 옷어',10
'장쯔이의 아름다움과 매력이 충분히 발산된 영화',8
'전작보다 스케일이 엄청납니다.. 다만 그 스케일이 눈부시게 커져서,7
'',10
'멋진 소재 였는데 조금 더 섬세한 것이 필요했다',7
'화려한데 잘 모르겠네요',2
'인간은 꿈을 먹고 사는 존재',7
'오~긴장긴장.재밌네요.',10
'아무런 고민 없이 캐릭터 대략 설정하고,4
'미소는 모두에게 눈 또는 겨울같은 존재인 것임 좋아하는 사람도 있고 싫어하는 사람도 있고 싫었던 사람도 지나고보니 추억할 수 있는... ',10
'대학교때 본 영화,10
'인간의 본성에 대한 있을법한 스토리였지만 실화 바탕 영화라 그런지 몰입감이 더 좋은..',8
'재밌게 봤어요 손에 땀나고 좋았습니다',10
'이시영이 멋있음 단 여튼 그래도 찝찌입함',8
'사극에 비추어 현재의 대한민국을 바라보는 탁월한 시선. 예상하기 힘든 진행과 주인공의 과감한 선택도 인상깊다. 우리 모두가 보았고 우리 모두가 들었다,10
'평점이 너무 높은것같아 1점드림 일단 자신이 요즘 너무 힘들다,1
'이렇게까지 해주는 게 진짜 사랑이구나..',8
'',10
'세상을 살아가는 모든 김씨들에게 전하는 가슴 속 깊은 대화',9
'이..이게 뭐노',6
'그냥 웃으면서 볼 수 있는 영화 입니다.웃음코드가 맞으면 잼있어요 ㅎ',10
'예전에 나온 작품의 후속작이네요. 알고 보면 더 좋은 것 같아요~ 친척 동생이랑 재밌게 잘 봤습니다. ',10
'이순신 연기 너무 못하고 와키자카는 일본어가 너무 못함. 불멸의 이순신 김명민 배우님이 더욱 생각난다.',3
'더 이상 바랄 것이 없는 최고의 작품',9
'학교때 주먹짱을 먹었던 압구정 토박이 대국(마동석)이가 주먹과 현란한 말솜씨로  압구정 일대를 누비며 무일푼 성형 사업에 뛰어드는 이야기로  코믹 영화가 그렇듯이 심심할때 시간 때우기로 딱',7
'유해진씨 연기에 정말 놀랬다.찐배우!!',10
'태생적으로 자X 가 있고 보X 가 있으니 인간은 가끔 본능적으로 실수를 하게 된다. ',10
'ㅋㅋㅋㅋ 뭐지? 독립영화 뭐 이런건가 하고 봤는데 연기도 잘하시고 내용도 재밌고.. ㅋㅋㅋ 재밌는데요? ',8
'배우들의 연기가 미쳤다... 그 외엔 너무 비현실적이라 그냥 판타지물을 보 듯 생각없이 봤다. 마법만 안 썼다지 전우치급.',6
'삶과 죽음 인생에 대해 생각해 보게 됩니다',6
'태생적으로 자X 가 있고 보X 가 있으니 인간은 가끔 본능적으로 실수를 하게 된다. ',10
'OST와 함께 신나고 감동적인 알라딘과 자스민의 이야기',9
'여균동 감독이 오랜만에 좋은 영화로 돌아왔다',7
'약간 예상한 결말이긴 한데 연기 좋고 재밌었음',7
'곱씹으면서 보다가 진짜로 곱씹게 되는 영화.',8
'보지마요걍보지마ㅜ보지마',4
'B급의 거대한 병맛 스토리.. 눈이 아플정도로 화면은 자주 바뀌지만 지루하고 답답함의 연속.. 연기력과 제작비가 아까울정도.. B급영화를 좋아하지만 이건 선을 넘었다. 입소문? 호불호? 풉ㅋㅋㅋ 걱정ㄴㄴㄴ 그냥 재미 자체가없는 영화니 이제 블로그리뷰 마케팅에 목숨걸겠네... ',1
'반전에 반전이 놀라웠어요',10
'씨네21 박평시기가 조용하니까 이용처리가 엄청나게 날 뛰는구나. 일단 당연히 여성 연출 작품일줄 알았는데 남자감독이었네. 작품을 통한 메세지 하나는 확실하다. 대한민국은 헬조선임이 분명하다.',4
'마지막 장면이 아직도 잊혀지지 않아요. 그 어쩔수 없는 그들이 너무 불쌍해서 엔딩크레딧 올라가는 내내 펑펑 울었어요. 그토록 원하는 평범함인데 그들에겐 왜이렇게 힘들까요?',9
'전율을 느낌 영화였어요',10
'이걸 7점주는 평론가나 8점주는 관객이나미쳐돌아가는군.... 딱 ott용 이란걸 기억해라',2
'즐겁고 가벼운 마음으로 재미 있게 보라고 만든 영화라 즐겁게 보면됨~배우분들 연기도 좋고 연출도 좋은데이런 즐거움을 더 즐기고 싶은데호흡이 긴 시리즈로 가면 더 좋겠다라는 생각~개그 포인트 취저 재미 있음 전우치 타짜 처럼 언제든지 다시봐도 재미 있을 영화다!!',10
'뮤지컬 내용보다는 주인공 때문에 보는거죠그럭저럭 볼만했어요 지니강이도 열심히 준비해서 뮤지컬 찍은것같더라구요뮤지컬처럼 현장감은 없지만 잘봤네요',8
'재밋을수 있는 스토리를 괜찮은 ost 로 대충 버무려 멋만 부린 느낌.. 결론 싱거운 라면 먹은 느낌의 영화 돈 아깝고 시간은 더 아까운 ',4
'감정도 노래,3
'마지막에 너무 통쾌했어요 ㅋㅋ류준열배우님,10
'이 영화 진짜 재미있는데 또 볼 수 있는 방법 없나요',10
'',10
'엣... 이게... 원피스...?',5
'사극류 많이 안좋아해서 기대 안했는게 존잼입니다',10
'사랑이 무엇인지 다시 고민해 보게 만드는 아주 재미있는 영화',10
'동석이행님 영화가 장난입니까 ㅠㅠ 영화그만찍으시죠',2
'채드윅보스만의 빈자리가 이리도 크다니... next generation이었는데... 슈리의 대체는 슈퍼카로 다니던 길을 자전거로 다니는 느낌이라... 네이머의 세계관은 마음에 드나 네이머가 생각보다 강하지 않... 마블시리즈 중에 다음 시리즈가 궁금하지 않은 시리즈로 전락했어요. 그래도 보스만의 추모방식이나 세계관은 괜찮습니다. ',6
'오랜만에 스릴있는 영화였어요. 연기는 말해 뭐해고 연출도 좋았어요. 중반부 그 호러씬은 진짜 미쳣음',10
'',10
'와칸다 후기가 안좋아서 걱정했는데 생각보다 재밌었어요액션씬이 많지 않긴하지만 수중 영상미가 정말 이쁘고노래 ost들도 하나같이 좋았어요~',10
'동석이형이 새로운 캐릭을 맡은것같아 한번 봤습니다ㅋㅋ 뭐 어울리긴하네요 ㅋㅋ 배우분들 연기력도 좋았구요. 근데 요즘 보고있는 모 케이블사 드라마도 그렇고 뭔가 지금시대를 알고있는상태에서,4
'블랙 팬서를 잘 보내고 잘 맞이하는 방법',8
'만족스러웠습니다 재밌습니다',5
'유해진님의 또다른진솔한연기에감동!!왕의또다른표현!♡류준렬님의눈빛연기가매료되었습니다',10
'정말 내가 하고싶은일을 대신해준듯한 영화우리는 잊지말아야 합니다 그리고 언젠간 깨끗이 청산해야합니다!!!',10
'재밌어요 추천해요 짱!!',10
'오랬만에 볼만한영화를 봤습니다.',10
'유해진과 류준열의 연기력이 돋보이는 영화 .. 기대안했는데 정말 재밌었음 !! 심장 쫄리게 재밌게 봤네요 ',10
'정성이 느껴지는 영화입니다. 천주교 역사뿐만 아니라 우리 근현대사를 되돌아보게 만드네요.',9
'',10
'저 진짜 이런리뷰 안쓰고 한국 영화도 진짜 엄청나게 재밌는거다!! 라고 할때만 보고 봐도 쏘쏘 느낌이 대부분이었는데 진짜 뻔하지 않았던 한국 영화...연출에 연기력에 몰입도 최강 진짜 5개정도 꼽을수있는 데 ... 한국영화중 저는 올빼미가 최고 입니다.!!신랑은 잤어요.; 케바케인걸로..',10
'디씨가 왠일로?!',8
'원작에 비해 아쉬운 영화',6
'다 의미 없단 것들 속에서 미처 놓친 의미 있는 것을 찾게 해주는 영화',9
'잘봤습니다.',6
'잘봤습니다.',6
'나쁘진않지만 재밌지도않은',6
'조카들 연말 선물로 다녀왔는데 제가 보기에도 재밌더라구요 ㅋㅋㅋ 노래도 좋아서 아직 흥얼거리는 중',10
'스토리도 재밌고 연출도 좋네요',8
'올해본거중에 제일별로..',4
'티모시 존잘 하지만 영화는 쏘쏘',6
'환상적인 환상영화',10
'10년주기로 다시보는데 10년이 지날수록 느낌이 다르다. 20대초 1편을 넘기지 못한 졸음에 미뤄두고 30대에들어서서 3편을 곧장보게되었고 40대에 와서 다시보니 진한 남자의 향기가 여운에 남는다. ',10
'생각보다 볼만합니다.',8
'엥 보고 눈물 주룩주룩 넘 좋았어요 평점 실화!?! 잘보고갑니다!!!!',10
'영상미랑 ost가 정말 여운이 많이 남아요~ 근데 오히려 주인공보다 빌런이 더 매력적인 느낌…',9
'주말에 봤는데 진짜 올해 국내영화 레전드라고 생각한다. 유해진은 생각보다 왕 역할이 엄청 잘어울린다',10
'7-1=07명이서 영원해줬으면좋겠다',10
'연기자 본인들도 존나 어이없을듯 ㅋㅋㅋㅋ 시나리오가 개얼탱이임',2
'항상 젊으면 일어나는 재앙. 자연의 순리에 맞게 나이든다는 것이 바람직하다는 것을 느끼게 돼요~~',10
'역시 믿고 보는 조합! 소재도 신선하고 스토리도 되게 알차서 재밌게 봤습니다',10
'컴퓨터 화면을 따라가다보면 눈이 다소 피곤한 감이 있다. 마지막 반전의 개연성이 좀 아쉽다는 거만 빼면 나쁘지 않다.',6
'가볍게 보기 좋음 ㅋㅋㅋㅋ 마동석은 이제 믿고 보게 되는 듯',10
'최근에 본 영화 중에 제일 재밌어요아역까지 연기 구멍 없이 숨막히는 궁중스릴러입니다이것만큼은 꼭 극장에서 보시길 바래요맨날 아이패드로 ott 영화만 보다가 영화관 가서 보니까 사운드랑 영상에 압도당함나까지 숨막힘숨 참고 봄 진짜 재밌어요부모님이랑 다시 볼 의향도 있습니다',10
'도저히 이를수없는 프레데터 1,10
'2편이 기대되는 영화입니다',10
'마블리 보러 갔다가 정경호에 입덕하고 온 영화 ㅋㅋㅋ 연말에 가볍게 보기 좋아요',10
'역시 원작이 더 쫄깃한 맛은 있다. 하지만 원작을 모르고 본다면 리메이크작도 나쁘지는 않다.',8
"'올해 본 영화 중에 역대급진짜 주변친구들한테 꼭 봐야한다고 말하고 다녀요……,,",10
'저 당시의 홍콩영화에는 뭔가모를 낭만이 있단 말이지.. 넘 좋아♡',10
'토론거리가 될 수 있을까? 걱정되는 주제에  관해 6학년 아이들의 시각에서 나오는 진솔하고도 따뜻항셔 냉철한 의견을 들으면서 눈물이 났다그리고 참 좋은 선생님들...',10
'아직 개봉관 안 내렸고 상영중인 극장이 꽤 많은데 이 영화를 극장에서 못본게 한이라는 사람들은 도대체 뭐지???',10
'내려가기 전에 또 봐야함',10
'아동 영화라 지루하게 볼 줄 알았는데 생각보다 재밌고 이뻐서 잘봤습니당 물론 아이도 잘봄',10
'이게 나라냐  이게 영화냐',1
'넷플에 올라봐서 봤는데 해전 연출이 좋아서 몰입해서본듯 ',10
'상남자라 짧게 쓰겠습니다.   눈물 나왔음.. ',10
'몇일을 생각나게하고 침의가 너무 무서워졌어요...계속 생각나요ㅠㅠ',10
'',10
'편하게,10
'연기도 좋고 스토리도 흥미로워요',10
'종교 천주교입니다 그치만 이 영화는 너무 재미가 없어요. 재미도 없고 감동도 없고 도대체 왜 만든 영화일까요?',1
'코로나..  코로나만 생각나네요',10
'코미디인데 피식하는정도가 다임 재미없음',2
'빵 터지는 유머는 없지만,7
'너무 급박하게 지나치는,5
'',10
'아쉬운점도 있었지만 그럭저럭 팝콘무비로 볼만합니다',6
'조카들 데리고 갔는데 너무 좋아하네요~ 어른이 봐도 재밌어요!',10
'',10
'잔잔하게 시작하지만,8
'기대안하고 봐서 그런가..? 너무 재미있었다... 초반엔 쫌 지루?할수 있겠지만 보면 볼수록 긴장감이 장난 아닙니다. 결말까지 깔끔하다.. 매우 만족',9
'',6
'',10
'뽀로로가 옛날 뽀로로에요애들이 옷을 안입고있어요',8
'킬링 타임용으론 괜찮고 스토리도 꽤나 흥미로운데....제가 꽉 막힌건지 몰라도 전체적으로 성에 관련된 이아기라 그런지 15세 이상이 아닌거 같습니다...친구들이랑 보러 갔다가 보는 내내 어머 거리면서 눈 가리고 본 거 같아요 그런 장면은 없지만 말로써 묘사해줍니다... (찐친 아님 보러가기 힘듦!!)어색해지고 싶은 친구가 있다면 같이 보시길 바랍니다.',8
'재밌고 지루하지않는 영화였다 화장실도못가게 집중시키는영화였음',10
'엇갈림에서 오는 답답함과 극적임.. 극적임을 너무 살리려고 설정을 극한으로 밀어붙였는데,6
'비중을 너무 고르게 주려다보니 이런 대참사가..',4
'이런 영화를 만드는 이유가 뭡니까?',1
'볼 만 했어요',6
'생각보다 실사화를 잘한 영화다 주변에서 훌쩍 거리는 소리가 자주 들렸다',8
'진짜 잘봤음 연기가 아주 그냥 최고야',10
'연말에 가족끼리 보기 좋음',8
'친일파로 살았고,8
'1998년도 영화라니 와우 뭐볼까 고민하면서 별점 검색 그만하고 얼른 플레이 해라 얘들아 지린다 이영화 하긴 이때 윌스미스나온다 하면 전부 대박이었지',10
'뭐가 재밌다는 건지…; 진심인가…??',2
'이거 보고난후 코로냐 사기 백신 맞은거처럼 몸이 아팠다 위에 감상포인트에 영상미란 단어도 있는데 그냥 이건 최악의 영상이다 그냥 유튜브에 있는 바다 풍경 보여주는게 훨씬 좋을정도다',1
'월드컵에 열광해서 뜨겁게 좋고 함께 울어줄 영화로 연말 또즐겁다 굿 ',10
'약간 졸릴때 봤었는데 단한순간도 지루함이 없었어요! ',10
'연출과 연기는 좋은 부분이 있었으나 마지막 부분은 너무 지나치다고 생각되어 아쉬움이 남습니다',7
'오늘부터 김래원에 대한 지지를 철회한다. 오늘부터 지지관계에서 벗어나 김래원과 나는 한 몸이 된다. 김래원에 대한 공격은 나에 대한 공격으로 간주한다.세상에 70억명의 김래원팬이 있다면,10
'내일의 히노도 내가 즐겁게 해줄게기록과 기억이 가슴에 새겨진 아름다운청춘사랑  이야기  원작 보고 가시길!!',8
"'조이현,,",5
'영화 진짜 잘만들었네요...배우들 연기도 좋아요',10
'마동석 배우님 나와서 기대했는데 생각보다 넘 유치하고 지루해서 중간에 잠들었어요ㅠㅠ 최근에  본 영화 올빼미가 10배는 더 재밌었어요. 아쉽네요ㅜㅜ',5
'윤시윤 배우님을 비롯 많은 배우분들의 진정성 있는 연기가 좋았다. 한국 최초의 신부로만 알던 김대건 신부의 일대기를 통해 그분에 대해 몰랐던 다른 면모를 볼 수 있어 뜻깊었고 글로만 배웠던 당시 조선후기 격동의 세계 정세에 대해 더 잘 이해하게 되어 두시간 반이 전혀 지루하지 않았다. ',10
'나라를 위해 희생한 이순신장군과 의병들의 헌신에 감동',10
'아쉬운 점은 확실히 있지만 진짜 원피스 팬이라면 놓치지 않는게 좋다.',9
'앞으로 꾸정~ 뒤로 꾸정~',4
'기대없이 봤다가 만족하고 나옴. 보는동안 심장이 쫄깃쫄깃 하네요. 배우들 연기도 넘 좋음',10
'딸기잼이 바닥났다. 병속이 텅~비었다. 그렇다. 노잼이란 얘기다.',2
"'중반부터 몰입감이 장난 아니었어요 최근 몇년간 본 영화 중에 가장이였다고 할 정도,",10
'어릴때 진짜많이 봤었는데 성인되고나서 보니까 또 새롭고 재미있다.. 가위손같은 어른동화를 참 잘만드는 조니뎁+팀버튼 조합 조금 기괴한건 맞지만 이런게 잘만든 판타지영화지..',8
'연기 내용 다 좋음.추천',10
'학창 시절 역사를 처음 배웠을 당시에 지금 대부분의 친일파 후손들은 과거 역사적인 처벌을 교묘히 피해 대대손손 잘 살고 있을 정도의 부귀영화를 누리며 살고 있다 하였고,7
'배우 한명도 빠짐없이 연기를 너무 잘해서 몰입이 너무 잘 되고 좋았다',10
'마동석 나오니까 본 영화 ,6
'여진구님의 연기와 잔잔한 스토리가 인상적입니다. 기대 이상으로 즐겁게 잘 봤어요! 연인끼리 보기 좋은 것 같아요!!',10
'6살 조카가 팝콘먹으면서 몰입해서 잘보내요.  마지막 춤까지 추고 좋은 시간 보냇습니다.  ',10
'메뚜기도 한 철 물 들어 올 때 노 저으라지만 이건 좀 아니지 않냐?',1
'가족 하고 같이 봤는데 저는 재밌게 봐서 좋았고 부모님랑 같이 봐서 더 재밌있었습니다.',10
'재미게 잘 봤습니다 ㅎㅎ',4
'지루하고 안타까운 리메이크 였음',4
'                                       하알말이없다아아아아',1
'연기 스토리 세트디테일 전부  별로',4
'감사합니다 사랑합니다^^외국어 대사가 생각보다 많았던 영화 그 시대 그 아픔 그 마음들을 다시 떠오려보고 생각해보게 되었네요 죽음도 두려워하지 않았던 그분들의 마음....대단한 신부님...순교하신분들ㅠ ',8
'재밌게 잘 봤어요. 욕만 줄이면 좋을것 같아요. 전반적으로 잘 봤습니다',10
'나도 모르게 눈물이 흐르고 있었다. 그만큼 내용의 흐름이 끊기지 않을 만큼,10
'뭔 내용인지도 모르겠고 ',6
'잘 웃다가 나왔습니다 찰떡캐스팅 굿',7
'감동도 없고 역사 바로알기 영상물 같음',3
'아캄나이트 아즈라엘과 동업하여 같이 도시를 지키자',10
'그냥 무미건조한 영화 ..',6
'',10
'올해 본 영화중 가장 재미 있어요. 연출. 연기. 이야기. 음악 모두 완벽한 조합입니다 .꼭 보세요~',10
'배우들 연기가 좀...',2
'',8
'긴장감 넘치고 흥미로운데 뭔가아쉬운느낌이네요..배우들의 연기는 정말 최고네요',9
'너무 재밌게 잘봤습니다^^ ',10
'원작을 보지 않고 관람하게 된 영화 ! 남자주인공과 여자주인공이 너무 예쁘고 멋져서 그것만으로 영화를 보는 의미가 충분했던 것 같습니다 : )스토리는 예상대로 조금 뻔하기도 했고,8
'제 개인적으로 올해 본 한국영화 2탑 헤결,10
'전도연의 아픔의 연기를 지켜주는 수호신 송강호',8
'',8
'',10
'이성민의 열연이 돋보이는 작품',7
'나라면 그냥 에에올 본편을 보겠음. 앞뒤로 붙은 감독코멘과 비하인드 엔지컷 등은 재미있긴 한데,8
'잔혹한 내용을 중화하기 위한 적절한 연출이 돋보였다. 설리도 옛날엔 테일러 러셀처럼 사랑하는 사람과 함께 평범한 미래를 꿈꾸지 않았을까? 엔딩에서 테일러 러셀이 bones and all을 하면서 설리처럼 변하지 않을까? 사랑하고 의지하는 사람을 잃어 또다시 혼자가 되어 폭식하지 않을까?여러모로 많은 생각을 하게 되는 영화',8
'보는 내내 너무 어이없고 지루했음. PC 떡칠에 서사나 스토리 개연성도 몰입 하나도 안됐고,4
'내기준 1편보다 더 나음. 그런데 슈트들이 하나같이 안 이뻐서 디즈니의 미적감각을 이해못하게 되는 지경에 이르렀....',7
'인터뷰만 나오는줄알고 별로 아는거 없이 시즈니로써 본건데 진짜 예상치보다 훨씬훨씬좋았어요 또보고싶을정도로 좋았어요 넷플릭스나 디즈니플러스에 올려주셨으면 제가 진짜 많이 봐드릴게요 ㅠㅠㅠ 진짜 울고 웃고 너무 멋있었어요 !! 트더피랑 콘서트 보는거 같았어요 !!!',10
'경수가 서서히 앞이 보이면서 소현세자 독살당하는 광경을 목격하는 장면만으로도 영화관에서 볼 가치가 충분함',10
'',10
'시각적인 연출과 배우들의 연기 모두 훌륭',8
'그냥 딱 팝콘무비',6
'스릴있고 스토리가 탄탄해서 보는동안. 지루하지 않았음',10
'',7
'재밌게 봤어요 추천합니다',10
'나도 평점10점짜리줄정도는 아닌데 평점이 너무 테러당했길래 좀 올려주려고 10점줌. 첨에 평점보고 완전 기대안하고 봤눈데  이게.. 개그코드가 맞아야 웃김. 누구얘기처럼 마동석 특유의 무심결에 날리는 대사톤때문에 피식피식 웃음 ㅋㅋ나는 생각보다 잼께봄. 마동석같은 캐릭터가.. 실제 사업하다보면 한명씩 꼭 있는 캐릭터라서 ..나름 산전수전겪은 30대 이상이 보면 재밌게볼듯. 성형외과가본 경험있으신분들도 공감대 형성하면서 볼수있음. 당연히 유치한부분도 있는데 분명 나름 스토리있고 지루하지않게 봤다. 나는 추천함. 20대여자관객이 보면 아마 젤 공감안대고 재미도없어할거같음. 말고는 30~40대분들? 한테 조심히 추천날려봄 . 그리고 폰이나 지폐보면 알겠지만 2007년도 배경임. 그거 알고봤으면 좋겠음. 그냥.. 지나가다 평점이 좀 안타까워서 ㅋㅋ ',10
'잼있었어요!  가볍게  웃으면서 볼수있어서  즐거운시간이었어요',10
'시간이 아깝지 않은 영화 ',10
'너무 잔인해서 고어 싫어하는 사람들에겐 극혐일 듯.. 그리고 아무리 레어한 소재라지만 사람을 레어로; 예술에도 리미트는 있어야 한다는 보수적인 사상을 가지게 해주는 작품. ',7
'뭔얘기인지 기억에 남는게없음',6
'근래 보기드문 스릴러영화',10
'기억하고싶지만 기록으로 남은 사랑에 대한 추모...',8
'배우들의 열연과 완성도 높은 연출이 마음에 들었어요',8
'영화 자체 완성도는 그렇게 높다고 생각하진 않지만 고증이 생각보다 잘되어있었다',6
'우타는 예뻤다',6
'신자가 아니어도 볼 수 있는 역사영화에 가깝습니다근현대 조선의 답답함을 그대로 ...다국어능력자에 외세정세를 잘 알고있는 사람을 정치적이유로 ㅋㅋㅋ일제치하 당연한 일 아니었을까 싶습니다',9
'기대안했는데 화려한 세계관이 흥미로워서 생각보다 무난하게 괜찮게 봄 pc 관련해선 오히려 좀 더 pc했음 좋았을것같다 할아버지-아버지-아들 얘기는 좀 진부해..',7
'내 취향은 아니었어요',6
'저는 노래를 좋아해서 그런지.. 진짜 감동이었어요.. 해적단의 인성과 해적의 인생관.. 그리고 정의란 무엇인가의 다수의 행복이 전체의 행복을 대변한다는 내용.. 진짜 한번 두번 보시길 추천드립니다!!',10
'',10
'',10
'연출이나 소재는 참 좋았음~ 다만,6
'',4
'보다가 재미없어서 하품 세번정도 했어요...',1
'재미있었음. 노래 좋았음. 마지막 전투씬 좋았음.',8
'기대안하고 봤는뎨 너무 재미있었어요',10
'망작입니다재미도 없고 감동도 없고 스토리도 그닥인 영화시작하자마자 부터 지루함이 계~속...',2
'기괴함 잔인함 혐오스러움 max인데 너무 사랑스러움... 친절한 금자씨,10
'이런걸 영화라고 만드나요',4
'재밋엇다 오래만에 정말 재밋게 본 한국영화! 스토리도 탄탄햇음',10
'동석이형은 의리로 봐라!! 뭔 말인지 알지? ',6
'신앙때문에 보려한거데 그래서 지루할 꺼라 짐작했는데 아니였다 재미있었다',10
'제발 봐주세요 ㅠㅠ 혼자 보러 갔다가 오열',10
'기발한 이야기의 선점은 좋았지만,7
'신선한 소재…사랑에 대한 새로운 관점…?재미로 보는 영화라기보다는 뭔가 생각을 많이 하게 하는 영화였어요.',9
'안티히어로와 더 락 사이에서 혼란스레. .',5
'기대안하고 봐서 더 재밌었습니다',10
"'아주 많이 아쉽다,,원작 한번 봐야겠다'",1
'류준열과 유해진의 연기가 돋보였고 생각보다 재밌게 봤습니다',8
'너무너무 재밌어요 음악이 특히 좋아서 음향 좋은 영화관에서 봤으면 더 좋았겠다 싶은 아쉬움도 있네여',10
'영화한편보다 시리즈 다봄ㅠ 심장이 몽글몽글해짐영화한번보면 안보는데 이영화는다시봄ㅠ',10
'지루하네요 유치하고 노잼',4
'',9
'몰입감이 대단한 영화입니다 그만큼 배우들의 연기력이 좋아요',9
'정말 스릴있고. 연기력 스토리 탄탄했습니다',10
'',3
"'정일우 연기가 ..,가족의 소중함 ",10
'오랜만에 재미있게 본 영화입니다. 강추!',10
"'일본 하이틴 영화에서만 느낄수 있는 그런 색감,분위기'",9
'터미네이터보는느낌  연기역쉬',10
'제임스카메론은  진짜천재다',10
'감동적이면서 여러가지를 생각해보게 된다 ',10
'감동스러운 음악연출과 섞이지 못하는 몇몇 조연들이 옥의 티,6
'',10
'ㄹㅇ 쩔어요 진짜 꼭 보셈 돈 주고 볼 가치가 있는 애니 가슴이 웅장해짐',10
'추모영화라 생각하고 보면 볼만함',6
'진짜 너무 소름돋고 감명깊게 봤어요..ㅠㅜ여운이 엄청 남아요ㅠㅠ올빼미 체고!!!',10
'어느 프로에서 이 포스터가 오른쪽 사람에게 모자이크 씌워져서 나오길래 누군지 찾아보러 옴ㅋㅋㅋ ㅈㅈ현이었어ㅋ',5
'티켓값도 비싼데 지루해서 참을 수가 없다.',1
'',10
'가톨릭신자라면 꼭 봐야하는 영화 후반부 부터 감동이 계속 가슴에 어머니에게 영성체 장면에 눈물 날뻔 했다 왜 나는 가톨릭 신자인지 그들의 순교가 무었인지 알게하는 영화 다시 보고 싶다',10
'지인과 가족과 이렇게 두번 관람했습니다. 매번 같은 장면들에서 눈물이 흐르더라구요. 집 가까운 곳의 성스러운 성지를 다녀온 느낌이 들었습니다. 전혀 지루하지 않았습니다.',10
'내 인생영화….진짜 몰입 너무 잘됩니다ㅠㅠ',10
'그냥 마동석이랑 정경호만 개그치는거 재미있게보고왔음ㅋㅋㅋ 무슨스토리인지모르겠고 끝나고는 그래서 이게무슨얘기인건데.. 이생각이듬',10
'',9
'외롭고 슬픈 핏빛의 아름다운 잔혹 사랑이 마음에 박혀버린..',10
'말이 안되는 설정이 많아서 자꾸 웃음이 나오네요. ',2
'재미있어요 근데 초반에 영어와 중국어가 섞여서 좀 혼란스럽기도 하고중간에 좀 정신없는데 끝까지 보면 한번 더 보고싶다 생각이 들게 하는그런 영화에요',9
'흑인 페미니스트의 어설픈 영웅흉내. 근데 여자가 맞나 싶을 정도의 와꾸',1
"'와 이거 진짜 너무 쫄깃해요,,",10
'영화보는 내내 긴장하며 봤네요~~ 특히 티 없이 맑은 아이의 눈빛과 선생님의 연기력. 그리고 스토리. 오랜만에 재미있게 본 영화였습니다',10
'액션 무한제공 참말사건',10
'연쇄살인과지독한사랑의고리',10
"'네모네모 크롱 귀엽게봤네요~~ 노래가 좋아서 딸아이가 집에 와서도 계속 흥얼거리네요^^,,'",10
'가을,10
'연출 너무 좋았음 예상가는 스토리에도 긴장됨...영화제목 너무 잘지음!!',9
'소재와 배우의 연기,7
'오열했습니다 ㅠㅠㅠㅠ',10
'',10
'천주교 신자가 아니여도 감동적으로 다가올 이야기.. 중간에 소소한 웃음 포인트도 좋았어요 그리고 윤시윤님 연기도 좋았는데 조연분들도 다 유명한 배우분들이 많이 나오셔서 좋았네요',10
'양자경의 더 모든 날 모든 순간',9
'시간떼우기용으로 봤다가 감동적인영화한편 봤네요~~ 강추',10
'네 시작은 공룡이었으나 끝은 메뚜기니라.',1
"'류준열,유해진 두배우의연기가 몰입도를 최상으로끌어 올려줍니다.'",10
'한국영화 치고 ! 가아니라 그냥 재밌다 예고편 줄거리 읽지말고 가서 보세요?? 진짜 추천할만한 영화임. 진짜 보세요.',10
'지루해질때쯤 확 터집니다',10
'무난하게 관람했습니다.',5
'OST 원툴.',8
'너무 재밌게 봤고 돈주고 봐도 아깝지 않을영화 오랜만이였습니다',10
'사랑이야기 성장이야기가 맞다',8
'내 나이 스무살에 일곱번 여덟번 되돌려 본 영화이후에 이런 여운을 남긴 영화는 아직 단 한 편도 없었다',10
'한국영화가 확실히 침체기에 있다는 걸 보여주는 영화. 간만에 실망이 컸다. ㅠㅠ',4
'따봉준호 미쳤다 역시..',10
'병폐가 많지만 그래도 종교가 없었더라면 .. 을 생각하게 함 인간을 가장 인간답게 하는 힘 또한 종교이지 않을까..  윤시윤 배우 연기도 너무 훌륭했고..',10
'닉값에 충실한 것 같으면서도 닉값에 못미치는 아쉬움',6
'',10
'킬링으로볼만합니닷 ㅎㅎ',10
'현재상영작 모두 정주행 후에 가벼운 마음으로 시청 해봄 별 생각 없이 볼만했더 수영남친 원래 저리 매력 있었나.. ',6
'',8
'노잼스토리,2
'이정도 평점이 이해가 안갈정도로 중간에 지루했어요. 유해진배우님은 안맞는 옷을 입은듯 아쉬웠어요',4
'러닝타임 내내 긴장감을 놓지 않고 숨 죽인 채로 관람했습니다. 유해진 배우의 왕 연기와 류준열 배우의 맹인 침술사 연기를 비롯하여 모든 배우분들의 연기가 인상적이었던 영화였어요. 올해 하반기 개봉 영화 중 단연 으뜸 :)',10
"'예상치 못한 전개에  긴장감 폭발하고 류준열 행동에 눈물을 흘렸으나 끝이...,.기대하지 않아서인지 너무 재미지게 관람나 갑자기 류준열좋아지네 '",9
"'청룡영화제에서 탕웨이씨가 눈물을 흘리기에 더욱 궁금했습니다,",10
'평이 하도좋아서 기대하면서 봤다 그냥 지루하고 씹노잼...그냥 스토리자체가 별로야',1
'소소한 웃음을 기대했으나 가벼운 농담밖에 없었던 영화',5
'쫄깃졸깃 잼있네요 류준열 유해진 궁금해서 봤는데~다들 연기  넘 잘해요',10
'도대체 뭔말을 하고 싶은건지 도무지 모르겠음',2
'어떤느낌인지는 알겠는데 일본특유의 감성이 너무 심한느낌..연기하기위한 연기같은 부자연스러움?뜬금포로 채워진 영화..에?에?..그외 영상 분위기는 좋아서 종종 다시보긴하는데 저런것들이 너무 거슬려요..',4
'와 손꼽히는 한국영화 중 하나였다. 이정도의 스토리텔링을 보여준 작품은 최근에 없었던거 같은데 진짜 쉴새없이 몰아쳤다. 진짜 최고다',10
'초반에 8점 넘길래 봤는데 그럼그렇지 ㅡㅡ',2
'모든 것이 완벽했습니다 올해 본 국내 영화 중에 최고였어요',10
'',10
'잔잔한  감동을 주는 작품입니다',10
'염정아는 참 매력적인 여자에요 볼매! ',10
'나으리,10
'진짜 마동석때분에 봤는데 그냥 최악임별 하나도 아까움',2
'별로에요 보다가 잤어요',2
'내용이 다 비슷함. 마무리가 다 똑같음',4
'그냥 보지마세요 돈만 아깝네요',4
'추천! 잼있음 흥행하라',10
'한 종교인의 이야기로 볼 수 있으나 사람들을 위해 새 세상을 열고 싶었던 젊은 이의 열정과 사랑,8
'순수하고 풋풋한 첫사랑에 대한 설램을 느낄 수 있고 많은 생각을 하게하는 여운있고  따뜻한 영화..김용의 벼랑끝에서 만난 기적 같은 자신의 사랑만이 아니라.. 사랑하는 상대의 사랑도 존중해주는...그러면서 사회적 시선의 꿈이 아니라  자신이 좋아하고 행복한 꿈을 이룬 김용의 용기있는 선택...자신의 삶을 만족하고 지적이고 편안한 작가로서 무늬와의 재회도 감동이었고..뒤에서 성숙한 어른으로서 꿈과 사랑을  이룰 수 있게 지원해주는  부분도 뭉클한 감동과 따뜻함이 좋았고,10
'신앙의 힘이 느껴지는 영화였습니다. 잘 봤습니다^^',10
'',10
'팬분들 죄송합니다.팬이 아닌 사람으로써 추천하고 싶지 않은 영화입니다. 특히 음악 전공자이신 분들에게....감독님이 홍콩판 그 여자 작사 그 남자 작곡 새드버전으로 만들고 싶어하셨던 것 같은데...죄송합니다. 여주인공은 엄청 예쁩니다. ',3
'특별히 볼만한 정도는 아니고 시간이 남아서 도저히 할일이 없을때나 보길 권함.',5
'조선인 첫신부님이신피의 순교자 김대건 안드레아와땀의 순교자이신 최양업 토마스 신부님의 감명깊은여정이었습니다.',9
'진심 보세요. 이런영화 오랜만임 소름 쫙돋고 서늘해져서 진짜 스릴스릴러임요 연기개쩔고 너무 보는내내 무서워서 혼남요 지릴뻔 (무서운영화가 아닌데 ,10
'공룡첩보어드벤쳐를 찍어내 쥬라기 시리즈상 최악의 시리즈가 된 작품...',7
'전다 절어...와..  개명작!!  보는내내 추웠다    ',10
'시간가는줄모르고 몰입해서 봤어요^^',9
'되는게 없는 서글픈 청춘아...이놈의 팔자는 언제 펴질지 모르겠지만,10
'연기는 쬐매..그냥 할 말이 없음',4
'간만에 군더더기없고 한국영화답지 않은 수작.  다른배우들의 연기는 완벽에 가깝지만,10
'조선시대 얘기지만 지금시대를 반추할 수 있어 좋았습니다 나역시 비겁한 사람이되지않도록 노력해야겠어요 좋은영화 볼 수 있어 좋았습니다',10
'예쁜 영화....친구 이즈미역의 후루카와 코토네 연기가 참 좋았다',7
'인내심이 많이 필요한영화.',2
'진짜 재밌어요 ... ㅜㅜ 전하고자하는 의도에 따른 개연성이 매우 돋보이는 영화 같습니다 ! ',10
'분위기는 참 좋은데,6
'오우 개봉전엔 안볼 생각이었는데  후기 좋아서 봤는디 존잼',8
'미신을 신봉하는건 좋지않지만 그래도 아내가 하는말은 들어야지',6
'빌리제인 머리는 볼때마다 시원하네',4
'누구나 저런 경험 있지 않을까. 어른이 되어가는 씁쓸한 기억',6
'영화관가서 볼 정도 아닌거 같아요..',4
'비주류 아웃사이더를 위한 독특한 위로인듯... 결국은 사랑이 필요한 우리 모두...',9
'역사적 사실과 상상력을 잘 버무려낸 웰메이드 영화',9
'보고나면 내용 많이 본 뻔한 내용인데 볼때는 나름 재밌는. 킬링타임용으로 괜찮음',7
'아... 진짜 마린포드 전쟁 생각하고 오면 속상하실 겁니다.뭔가 러브라이브 보는것 같은 오그라듬과 뮤지컬식 진행. 그리고 뭔가 액션도 원피스 같지 않고 눈 아픕니다. 저는 개인적으로 좀 힘들었습니다. 끝까지 보는거',4
'울림이 있은 영화였습니다. 물리적으로 볼 수 있는 눈이 있더라도 마음의 눈으로 볼 수 없다면 누가 진짜 눈 먼 이일지... ',10
'티모시 개잘생겻구요.. 일단 개츠비 캐릭터 마음에 들었어요. 여주 셀레나 고메즈 인 줄 알았는데 분량 너무 적어요;; 쨋든 재밌게 봤습니다 ',8
'연출이 진짜 소름 돋고 보면서 제 심장까지 빨리 뛰고 그랬어요 ',10
'스토리와 연기력이 다했다....충격적인 장면은 잊혀지지않는다...',10
'따뜻한색감. 하지만 99학번 패션이 99학번같지않음',6
'무한한 우주 속 한줌의 시간을 살아가기에 이를 소중히 여겨야 한다는',9
'그냥 마동석이 새로운캐릭터하나인게 신선할뿐개 쓰레 영화다 진심',2
'공조2 인터내셔날 공조',5
'솔직히 재미는 없지만,6
'오프닝부터 시원한 액션',8
'2022 영화 올빼미',5
'그 장면 전까지는 이게 뭐야? 하다가...그 장면 이후 캐스팅,9
'재개봉은 이런 작품이 해야지! 오랜만에 극장갈 맛난다!',10
'스토리 기발합니다 영상미도 좋습니다',8
"'진짜 재밌다 영화관가서 보면 더 재밋었겠지만ㅁ 진짜 너무 재밌어서 넋놓고(현빈얼굴)봄 ,",10
'포레스트 검프 한국 스킨',6
'영화 동감 잘봤습니다',5
